-- MySQL dump 10.13  Distrib 8.0.27, for macos11 (arm64)
--
-- Host: 127.0.0.1    Database: hr
-- ------------------------------------------------------
-- Server version	8.0.27

/*!40101 SET @OLD_CHARACTER_SET_CLIENT=@@CHARACTER_SET_CLIENT */;
/*!40101 SET @OLD_CHARACTER_SET_RESULTS=@@CHARACTER_SET_RESULTS */;
/*!40101 SET @OLD_COLLATION_CONNECTION=@@COLLATION_CONNECTION */;
/*!50503 SET NAMES utf8mb4 */;
/*!40103 SET @OLD_TIME_ZONE=@@TIME_ZONE */;
/*!40103 SET TIME_ZONE='+00:00' */;
/*!40014 SET @OLD_UNIQUE_CHECKS=@@UNIQUE_CHECKS, UNIQUE_CHECKS=0 */;
/*!40014 SET @OLD_FOREIGN_KEY_CHECKS=@@FOREIGN_KEY_CHECKS, FOREIGN_KEY_CHECKS=0 */;
/*!40101 SET @OLD_SQL_MODE=@@SQL_MODE, SQL_MODE='NO_AUTO_VALUE_ON_ZERO' */;
/*!40111 SET @OLD_SQL_NOTES=@@SQL_NOTES, SQL_NOTES=0 */;

--
-- Table structure for table `attendances`
--

DROP TABLE IF EXISTS `attendances`;
/*!40101 SET @saved_cs_client     = @@character_set_client */;
/*!50503 SET character_set_client = utf8mb4 */;
CREATE TABLE `attendances` (
  `id` bigint unsigned NOT NULL AUTO_INCREMENT,
  `employee_id` bigint unsigned NOT NULL,
  `date` date NOT NULL,
  `in` datetime DEFAULT NULL,
  `out` datetime DEFAULT NULL,
  `status` tinyint NOT NULL COMMENT '0=alpha;1=masuk;2=belum pulang;3=cuti',
  `created_at` timestamp NULL DEFAULT NULL,
  `updated_at` timestamp NULL DEFAULT NULL,
  PRIMARY KEY (`id`),
  UNIQUE KEY `attendances_employee_id_date_unique` (`employee_id`,`date`),
  CONSTRAINT `attendances_employee_id_foreign` FOREIGN KEY (`employee_id`) REFERENCES `employees` (`id`)
) ENGINE=InnoDB AUTO_INCREMENT=931 DEFAULT CHARSET=utf8mb4 COLLATE=utf8mb4_unicode_ci;
/*!40101 SET character_set_client = @saved_cs_client */;

--
-- Dumping data for table `attendances`
--

LOCK TABLES `attendances` WRITE;
/*!40000 ALTER TABLE `attendances` DISABLE KEYS */;
INSERT INTO `attendances` VALUES (1,1,'2023-08-01','2023-08-01 08:00:00','2023-08-01 17:00:00',1,NULL,NULL),(2,1,'2023-08-02','2023-08-02 08:00:00','2023-08-02 17:00:00',1,NULL,NULL),(3,1,'2023-08-03','2023-08-03 08:00:00','2023-08-03 17:00:00',1,NULL,NULL),(4,1,'2023-08-04','2023-08-04 08:00:00','2023-08-04 17:00:00',1,NULL,NULL),(5,1,'2023-08-05','2023-08-05 08:00:00','2023-08-05 17:00:00',1,NULL,NULL),(6,1,'2023-08-06','2023-08-06 08:00:00','2023-08-06 17:00:00',1,NULL,NULL),(7,1,'2023-08-07','2023-08-07 08:00:00','2023-08-07 17:00:00',1,NULL,NULL),(8,1,'2023-08-08','2023-08-08 08:00:00','2023-08-08 17:00:00',1,NULL,NULL),(9,1,'2023-08-09','2023-08-09 08:00:00','2023-08-09 17:00:00',1,NULL,NULL),(10,1,'2023-08-10','2023-08-10 08:00:00','2023-08-10 17:00:00',1,NULL,NULL),(11,1,'2023-08-11','2023-08-11 08:00:00','2023-08-11 17:00:00',1,NULL,NULL),(12,1,'2023-08-12','2023-08-12 08:00:00','2023-08-12 17:00:00',1,NULL,NULL),(13,1,'2023-08-13','2023-08-13 08:00:00','2023-08-13 17:00:00',1,NULL,NULL),(14,1,'2023-08-14','2023-08-14 08:00:00','2023-08-14 17:00:00',1,NULL,NULL),(15,1,'2023-08-15','2023-08-15 08:00:00','2023-08-15 17:00:00',1,NULL,NULL),(16,1,'2023-08-16','2023-08-16 08:00:00','2023-08-16 17:00:00',1,NULL,NULL),(17,1,'2023-08-17','2023-08-17 08:00:00','2023-08-17 17:00:00',1,NULL,NULL),(18,1,'2023-08-18','2023-08-18 08:00:00','2023-08-18 17:00:00',1,NULL,NULL),(19,1,'2023-08-19','2023-08-19 08:00:00','2023-08-19 17:00:00',1,NULL,NULL),(20,1,'2023-08-20','2023-08-20 08:00:00','2023-08-20 17:00:00',1,NULL,NULL),(21,1,'2023-08-21','2023-08-21 08:00:00','2023-08-21 17:00:00',1,NULL,NULL),(22,1,'2023-08-22','2023-08-22 08:00:00','2023-08-22 17:00:00',1,NULL,NULL),(23,1,'2023-08-23','2023-08-23 08:00:00','2023-08-23 17:00:00',1,NULL,NULL),(24,1,'2023-08-24','2023-08-24 08:00:00','2023-08-24 17:00:00',1,NULL,NULL),(25,1,'2023-08-25','2023-08-25 08:00:00','2023-08-25 17:00:00',1,NULL,NULL),(26,1,'2023-08-26','2023-08-26 08:00:00','2023-08-26 17:00:00',1,NULL,NULL),(27,1,'2023-08-27','2023-08-27 08:00:00','2023-08-27 17:00:00',1,NULL,NULL),(28,1,'2023-08-28','2023-08-28 08:00:00','2023-08-28 17:00:00',1,NULL,NULL),(29,1,'2023-08-29','2023-08-29 08:00:00','2023-08-29 17:00:00',1,NULL,NULL),(30,1,'2023-08-30','2023-08-30 08:00:00','2023-08-30 17:00:00',1,NULL,NULL),(31,2,'2023-08-01','2023-08-01 08:00:00','2023-08-01 17:00:00',1,NULL,NULL),(32,2,'2023-08-02','2023-08-02 08:00:00','2023-08-02 17:00:00',1,NULL,NULL),(33,2,'2023-08-03','2023-08-03 08:00:00','2023-08-03 17:00:00',1,NULL,NULL),(34,2,'2023-08-04','2023-08-04 08:00:00','2023-08-04 17:00:00',1,NULL,NULL),(35,2,'2023-08-05','2023-08-05 08:00:00','2023-08-05 17:00:00',1,NULL,NULL),(36,2,'2023-08-06','2023-08-06 08:00:00','2023-08-06 17:00:00',1,NULL,NULL),(37,2,'2023-08-07','2023-08-07 08:00:00','2023-08-07 17:00:00',1,NULL,NULL),(38,2,'2023-08-08','2023-08-08 08:00:00','2023-08-08 17:00:00',1,NULL,NULL),(39,2,'2023-08-09','2023-08-09 08:00:00','2023-08-09 17:00:00',1,NULL,NULL),(40,2,'2023-08-10','2023-08-10 08:00:00','2023-08-10 17:00:00',1,NULL,NULL),(41,2,'2023-08-11','2023-08-11 08:00:00','2023-08-11 17:00:00',1,NULL,NULL),(42,2,'2023-08-12','2023-08-12 08:00:00','2023-08-12 17:00:00',1,NULL,NULL),(43,2,'2023-08-13','2023-08-13 08:00:00','2023-08-13 17:00:00',1,NULL,NULL),(44,2,'2023-08-14','2023-08-14 08:00:00','2023-08-14 17:00:00',1,NULL,NULL),(45,2,'2023-08-15','2023-08-15 08:00:00','2023-08-15 17:00:00',1,NULL,NULL),(46,2,'2023-08-16','2023-08-16 08:00:00','2023-08-16 17:00:00',1,NULL,NULL),(47,2,'2023-08-17','2023-08-17 08:00:00','2023-08-17 17:00:00',1,NULL,NULL),(48,2,'2023-08-18','2023-08-18 08:00:00','2023-08-18 17:00:00',1,NULL,NULL),(49,2,'2023-08-19','2023-08-19 08:00:00','2023-08-19 17:00:00',1,NULL,NULL),(50,2,'2023-08-20','2023-08-20 08:00:00','2023-08-20 17:00:00',1,NULL,NULL),(51,2,'2023-08-21','2023-08-21 08:00:00','2023-08-21 17:00:00',1,NULL,NULL),(52,2,'2023-08-22','2023-08-22 08:00:00','2023-08-22 17:00:00',1,NULL,NULL),(53,2,'2023-08-23','2023-08-23 08:00:00','2023-08-23 17:00:00',1,NULL,NULL),(54,2,'2023-08-24','2023-08-24 08:00:00','2023-08-24 17:00:00',1,NULL,NULL),(55,2,'2023-08-25','2023-08-25 08:00:00','2023-08-25 17:00:00',1,NULL,NULL),(56,2,'2023-08-26','2023-08-26 08:00:00','2023-08-26 17:00:00',1,NULL,NULL),(57,2,'2023-08-27','2023-08-27 08:00:00','2023-08-27 17:00:00',1,NULL,NULL),(58,2,'2023-08-28','2023-08-28 08:00:00','2023-08-28 17:00:00',1,NULL,NULL),(59,2,'2023-08-29','2023-08-29 08:00:00','2023-08-29 17:00:00',1,NULL,NULL),(60,2,'2023-08-30','2023-08-30 08:00:00','2023-08-30 17:00:00',1,NULL,NULL),(61,3,'2023-08-01','2023-08-01 08:00:00','2023-08-01 17:00:00',1,NULL,NULL),(62,3,'2023-08-02','2023-08-02 08:00:00','2023-08-02 17:00:00',1,NULL,NULL),(63,3,'2023-08-03','2023-08-03 08:00:00','2023-08-03 17:00:00',1,NULL,NULL),(64,3,'2023-08-04','2023-08-04 08:00:00','2023-08-04 17:00:00',1,NULL,NULL),(65,3,'2023-08-05','2023-08-05 08:00:00','2023-08-05 17:00:00',1,NULL,NULL),(66,3,'2023-08-06','2023-08-06 08:00:00','2023-08-06 17:00:00',1,NULL,NULL),(67,3,'2023-08-07','2023-08-07 08:00:00','2023-08-07 17:00:00',1,NULL,NULL),(68,3,'2023-08-08','2023-08-08 08:00:00','2023-08-08 17:00:00',1,NULL,NULL),(69,3,'2023-08-09','2023-08-09 08:00:00','2023-08-09 17:00:00',1,NULL,NULL),(70,3,'2023-08-10','2023-08-10 08:00:00','2023-08-10 17:00:00',1,NULL,NULL),(71,3,'2023-08-11','2023-08-11 08:00:00','2023-08-11 17:00:00',1,NULL,NULL),(72,3,'2023-08-12','2023-08-12 08:00:00','2023-08-12 17:00:00',1,NULL,NULL),(73,3,'2023-08-13','2023-08-13 08:00:00','2023-08-13 17:00:00',1,NULL,NULL),(74,3,'2023-08-14','2023-08-14 08:00:00','2023-08-14 17:00:00',1,NULL,NULL),(75,3,'2023-08-15','2023-08-15 08:00:00','2023-08-15 17:00:00',1,NULL,NULL),(76,3,'2023-08-16','2023-08-16 08:00:00','2023-08-16 17:00:00',1,NULL,NULL),(77,3,'2023-08-17','2023-08-17 08:00:00','2023-08-17 17:00:00',1,NULL,NULL),(78,3,'2023-08-18','2023-08-18 08:00:00','2023-08-18 17:00:00',1,NULL,NULL),(79,3,'2023-08-19','2023-08-19 08:00:00','2023-08-19 17:00:00',1,NULL,NULL),(80,3,'2023-08-20','2023-08-20 08:00:00','2023-08-20 17:00:00',1,NULL,NULL),(81,3,'2023-08-21','2023-08-21 08:00:00','2023-08-21 17:00:00',1,NULL,NULL),(82,3,'2023-08-22','2023-08-22 08:00:00','2023-08-22 17:00:00',1,NULL,NULL),(83,3,'2023-08-23','2023-08-23 08:00:00','2023-08-23 17:00:00',1,NULL,NULL),(84,3,'2023-08-24','2023-08-24 08:00:00','2023-08-24 17:00:00',1,NULL,NULL),(85,3,'2023-08-25','2023-08-25 08:00:00','2023-08-25 17:00:00',1,NULL,NULL),(86,3,'2023-08-26','2023-08-26 08:00:00','2023-08-26 17:00:00',1,NULL,NULL),(87,3,'2023-08-27','2023-08-27 08:00:00','2023-08-27 17:00:00',1,NULL,NULL),(88,3,'2023-08-28','2023-08-28 08:00:00','2023-08-28 17:00:00',1,NULL,NULL),(89,3,'2023-08-29','2023-08-29 08:00:00','2023-08-29 17:00:00',1,NULL,NULL),(90,3,'2023-08-30','2023-08-30 08:00:00','2023-08-30 17:00:00',1,NULL,NULL),(91,4,'2023-08-01','2023-08-01 08:00:00','2023-08-01 17:00:00',1,NULL,NULL),(92,4,'2023-08-02','2023-08-02 08:00:00','2023-08-02 17:00:00',1,NULL,NULL),(93,4,'2023-08-03','2023-08-03 08:00:00','2023-08-03 17:00:00',1,NULL,NULL),(94,4,'2023-08-04','2023-08-04 08:00:00','2023-08-04 17:00:00',1,NULL,NULL),(95,4,'2023-08-05','2023-08-05 08:00:00','2023-08-05 17:00:00',1,NULL,NULL),(96,4,'2023-08-06','2023-08-06 08:00:00','2023-08-06 17:00:00',1,NULL,NULL),(97,4,'2023-08-07','2023-08-07 08:00:00','2023-08-07 17:00:00',1,NULL,NULL),(98,4,'2023-08-08','2023-08-08 08:00:00','2023-08-08 17:00:00',1,NULL,NULL),(99,4,'2023-08-09','2023-08-09 08:00:00','2023-08-09 17:00:00',1,NULL,NULL),(100,4,'2023-08-10','2023-08-10 08:00:00','2023-08-10 17:00:00',1,NULL,NULL),(101,4,'2023-08-11','2023-08-11 08:00:00','2023-08-11 17:00:00',1,NULL,NULL),(102,4,'2023-08-12','2023-08-12 08:00:00','2023-08-12 17:00:00',1,NULL,NULL),(103,4,'2023-08-13','2023-08-13 08:00:00','2023-08-13 17:00:00',1,NULL,NULL),(104,4,'2023-08-14','2023-08-14 08:00:00','2023-08-14 17:00:00',1,NULL,NULL),(105,4,'2023-08-15','2023-08-15 08:00:00','2023-08-15 17:00:00',1,NULL,NULL),(106,4,'2023-08-16','2023-08-16 08:00:00','2023-08-16 17:00:00',1,NULL,NULL),(107,4,'2023-08-17','2023-08-17 08:00:00','2023-08-17 17:00:00',1,NULL,NULL),(108,4,'2023-08-18','2023-08-18 08:00:00','2023-08-18 17:00:00',1,NULL,NULL),(109,4,'2023-08-19','2023-08-19 08:00:00','2023-08-19 17:00:00',1,NULL,NULL),(110,4,'2023-08-20','2023-08-20 08:00:00','2023-08-20 17:00:00',1,NULL,NULL),(111,4,'2023-08-21','2023-08-21 08:00:00','2023-08-21 17:00:00',1,NULL,NULL),(112,4,'2023-08-22','2023-08-22 08:00:00','2023-08-22 17:00:00',1,NULL,NULL),(113,4,'2023-08-23','2023-08-23 08:00:00','2023-08-23 17:00:00',1,NULL,NULL),(114,4,'2023-08-24','2023-08-24 08:00:00','2023-08-24 17:00:00',1,NULL,NULL),(115,4,'2023-08-25','2023-08-25 08:00:00','2023-08-25 17:00:00',1,NULL,NULL),(116,4,'2023-08-26','2023-08-26 08:00:00','2023-08-26 17:00:00',1,NULL,NULL),(117,4,'2023-08-27','2023-08-27 08:00:00','2023-08-27 17:00:00',1,NULL,NULL),(118,4,'2023-08-28','2023-08-28 08:00:00','2023-08-28 17:00:00',1,NULL,NULL),(119,4,'2023-08-29','2023-08-29 08:00:00','2023-08-29 17:00:00',1,NULL,NULL),(120,4,'2023-08-30','2023-08-30 08:00:00','2023-08-30 17:00:00',1,NULL,NULL),(121,5,'2023-08-01','2023-08-01 08:00:00','2023-08-01 17:00:00',1,NULL,NULL),(122,5,'2023-08-02','2023-08-02 08:00:00','2023-08-02 17:00:00',1,NULL,NULL),(123,5,'2023-08-03','2023-08-03 08:00:00','2023-08-03 17:00:00',1,NULL,NULL),(124,5,'2023-08-04','2023-08-04 08:00:00','2023-08-04 17:00:00',1,NULL,NULL),(125,5,'2023-08-05','2023-08-05 08:00:00','2023-08-05 17:00:00',1,NULL,NULL),(126,5,'2023-08-06','2023-08-06 08:00:00','2023-08-06 17:00:00',1,NULL,NULL),(127,5,'2023-08-07','2023-08-07 08:00:00','2023-08-07 17:00:00',1,NULL,NULL),(128,5,'2023-08-08','2023-08-08 08:00:00','2023-08-08 17:00:00',1,NULL,NULL),(129,5,'2023-08-09','2023-08-09 08:00:00','2023-08-09 17:00:00',1,NULL,NULL),(130,5,'2023-08-10','2023-08-10 08:00:00','2023-08-10 17:00:00',1,NULL,NULL),(131,5,'2023-08-11','2023-08-11 08:00:00','2023-08-11 17:00:00',1,NULL,NULL),(132,5,'2023-08-12','2023-08-12 08:00:00','2023-08-12 17:00:00',1,NULL,NULL),(133,5,'2023-08-13','2023-08-13 08:00:00','2023-08-13 17:00:00',1,NULL,NULL),(134,5,'2023-08-14','2023-08-14 08:00:00','2023-08-14 17:00:00',1,NULL,NULL),(135,5,'2023-08-15','2023-08-15 08:00:00','2023-08-15 17:00:00',1,NULL,NULL),(136,5,'2023-08-16','2023-08-16 08:00:00','2023-08-16 17:00:00',1,NULL,NULL),(137,5,'2023-08-17','2023-08-17 08:00:00','2023-08-17 17:00:00',1,NULL,NULL),(138,5,'2023-08-18','2023-08-18 08:00:00','2023-08-18 17:00:00',1,NULL,NULL),(139,5,'2023-08-19','2023-08-19 08:00:00','2023-08-19 17:00:00',1,NULL,NULL),(140,5,'2023-08-20','2023-08-20 08:00:00','2023-08-20 17:00:00',1,NULL,NULL),(141,5,'2023-08-21','2023-08-21 08:00:00','2023-08-21 17:00:00',1,NULL,NULL),(142,5,'2023-08-22','2023-08-22 08:00:00','2023-08-22 17:00:00',1,NULL,NULL),(143,5,'2023-08-23','2023-08-23 08:00:00','2023-08-23 17:00:00',1,NULL,NULL),(144,5,'2023-08-24','2023-08-24 08:00:00','2023-08-24 17:00:00',1,NULL,NULL),(145,5,'2023-08-25','2023-08-25 08:00:00','2023-08-25 17:00:00',1,NULL,NULL),(146,5,'2023-08-26','2023-08-26 08:00:00','2023-08-26 17:00:00',1,NULL,NULL),(147,5,'2023-08-27','2023-08-27 08:00:00','2023-08-27 17:00:00',1,NULL,NULL),(148,5,'2023-08-28','2023-08-28 08:00:00','2023-08-28 17:00:00',1,NULL,NULL),(149,5,'2023-08-29','2023-08-29 08:00:00','2023-08-29 17:00:00',1,NULL,NULL),(150,5,'2023-08-30','2023-08-30 08:00:00','2023-08-30 17:00:00',1,NULL,NULL),(151,6,'2023-08-01','2023-08-01 08:00:00','2023-08-01 17:00:00',1,NULL,NULL),(152,6,'2023-08-02','2023-08-02 08:00:00','2023-08-02 17:00:00',1,NULL,NULL),(153,6,'2023-08-03','2023-08-03 08:00:00','2023-08-03 17:00:00',1,NULL,NULL),(154,6,'2023-08-04','2023-08-04 08:00:00','2023-08-04 17:00:00',1,NULL,NULL),(155,6,'2023-08-05','2023-08-05 08:00:00','2023-08-05 17:00:00',1,NULL,NULL),(156,6,'2023-08-06','2023-08-06 08:00:00','2023-08-06 17:00:00',1,NULL,NULL),(157,6,'2023-08-07','2023-08-07 08:00:00','2023-08-07 17:00:00',1,NULL,NULL),(158,6,'2023-08-08','2023-08-08 08:00:00','2023-08-08 17:00:00',1,NULL,NULL),(159,6,'2023-08-09','2023-08-09 08:00:00','2023-08-09 17:00:00',1,NULL,NULL),(160,6,'2023-08-10','2023-08-10 08:00:00','2023-08-10 17:00:00',1,NULL,NULL),(161,6,'2023-08-11','2023-08-11 08:00:00','2023-08-11 17:00:00',1,NULL,NULL),(162,6,'2023-08-12','2023-08-12 08:00:00','2023-08-12 17:00:00',1,NULL,NULL),(163,6,'2023-08-13','2023-08-13 08:00:00','2023-08-13 17:00:00',1,NULL,NULL),(164,6,'2023-08-14','2023-08-14 08:00:00','2023-08-14 17:00:00',1,NULL,NULL),(165,6,'2023-08-15','2023-08-15 08:00:00','2023-08-15 17:00:00',1,NULL,NULL),(166,6,'2023-08-16','2023-08-16 08:00:00','2023-08-16 17:00:00',1,NULL,NULL),(167,6,'2023-08-17','2023-08-17 08:00:00','2023-08-17 17:00:00',1,NULL,NULL),(168,6,'2023-08-18','2023-08-18 08:00:00','2023-08-18 17:00:00',1,NULL,NULL),(169,6,'2023-08-19','2023-08-19 08:00:00','2023-08-19 17:00:00',1,NULL,NULL),(170,6,'2023-08-20','2023-08-20 08:00:00','2023-08-20 17:00:00',1,NULL,NULL),(171,6,'2023-08-21','2023-08-21 08:00:00','2023-08-21 17:00:00',1,NULL,NULL),(172,6,'2023-08-22','2023-08-22 08:00:00','2023-08-22 17:00:00',1,NULL,NULL),(173,6,'2023-08-23','2023-08-23 08:00:00','2023-08-23 17:00:00',1,NULL,NULL),(174,6,'2023-08-24','2023-08-24 08:00:00','2023-08-24 17:00:00',1,NULL,NULL),(175,6,'2023-08-25','2023-08-25 08:00:00','2023-08-25 17:00:00',1,NULL,NULL),(176,6,'2023-08-26','2023-08-26 08:00:00','2023-08-26 17:00:00',1,NULL,NULL),(177,6,'2023-08-27','2023-08-27 08:00:00','2023-08-27 17:00:00',1,NULL,NULL),(178,6,'2023-08-28','2023-08-28 08:00:00','2023-08-28 17:00:00',1,NULL,NULL),(179,6,'2023-08-29','2023-08-29 08:00:00','2023-08-29 17:00:00',1,NULL,NULL),(180,6,'2023-08-30','2023-08-30 08:00:00','2023-08-30 17:00:00',1,NULL,NULL),(181,7,'2023-08-01','2023-08-01 08:00:00','2023-08-01 17:00:00',1,NULL,NULL),(182,7,'2023-08-02','2023-08-02 08:00:00','2023-08-02 17:00:00',1,NULL,NULL),(183,7,'2023-08-03','2023-08-03 08:00:00','2023-08-03 17:00:00',1,NULL,NULL),(184,7,'2023-08-04','2023-08-04 08:00:00','2023-08-04 17:00:00',1,NULL,NULL),(185,7,'2023-08-05','2023-08-05 08:00:00','2023-08-05 17:00:00',1,NULL,NULL),(186,7,'2023-08-06','2023-08-06 08:00:00','2023-08-06 17:00:00',1,NULL,NULL),(187,7,'2023-08-07','2023-08-07 08:00:00','2023-08-07 17:00:00',1,NULL,NULL),(188,7,'2023-08-08','2023-08-08 08:00:00','2023-08-08 17:00:00',1,NULL,NULL),(189,7,'2023-08-09','2023-08-09 08:00:00','2023-08-09 17:00:00',1,NULL,NULL),(190,7,'2023-08-10','2023-08-10 08:00:00','2023-08-10 17:00:00',1,NULL,NULL),(191,7,'2023-08-11','2023-08-11 08:00:00','2023-08-11 17:00:00',1,NULL,NULL),(192,7,'2023-08-12','2023-08-12 08:00:00','2023-08-12 17:00:00',1,NULL,NULL),(193,7,'2023-08-13','2023-08-13 08:00:00','2023-08-13 17:00:00',1,NULL,NULL),(194,7,'2023-08-14','2023-08-14 08:00:00','2023-08-14 17:00:00',1,NULL,NULL),(195,7,'2023-08-15','2023-08-15 08:00:00','2023-08-15 17:00:00',1,NULL,NULL),(196,7,'2023-08-16','2023-08-16 08:00:00','2023-08-16 17:00:00',1,NULL,NULL),(197,7,'2023-08-17','2023-08-17 08:00:00','2023-08-17 17:00:00',1,NULL,NULL),(198,7,'2023-08-18','2023-08-18 08:00:00','2023-08-18 17:00:00',1,NULL,NULL),(199,7,'2023-08-19','2023-08-19 08:00:00','2023-08-19 17:00:00',1,NULL,NULL),(200,7,'2023-08-20','2023-08-20 08:00:00','2023-08-20 17:00:00',1,NULL,NULL),(201,7,'2023-08-21','2023-08-21 08:00:00','2023-08-21 17:00:00',1,NULL,NULL),(202,7,'2023-08-22','2023-08-22 08:00:00','2023-08-22 17:00:00',1,NULL,NULL),(203,7,'2023-08-23','2023-08-23 08:00:00','2023-08-23 17:00:00',1,NULL,NULL),(204,7,'2023-08-24','2023-08-24 08:00:00','2023-08-24 17:00:00',1,NULL,NULL),(205,7,'2023-08-25','2023-08-25 08:00:00','2023-08-25 17:00:00',1,NULL,NULL),(206,7,'2023-08-26','2023-08-26 08:00:00','2023-08-26 17:00:00',1,NULL,NULL),(207,7,'2023-08-27','2023-08-27 08:00:00','2023-08-27 17:00:00',1,NULL,NULL),(208,7,'2023-08-28','2023-08-28 08:00:00','2023-08-28 17:00:00',1,NULL,NULL),(209,7,'2023-08-29','2023-08-29 08:00:00','2023-08-29 17:00:00',1,NULL,NULL),(210,7,'2023-08-30','2023-08-30 08:00:00','2023-08-30 17:00:00',1,NULL,NULL),(211,8,'2023-08-01','2023-08-01 08:00:00','2023-08-01 17:00:00',1,NULL,NULL),(212,8,'2023-08-02','2023-08-02 08:00:00','2023-08-02 17:00:00',1,NULL,NULL),(213,8,'2023-08-03','2023-08-03 08:00:00','2023-08-03 17:00:00',1,NULL,NULL),(214,8,'2023-08-04','2023-08-04 08:00:00','2023-08-04 17:00:00',1,NULL,NULL),(215,8,'2023-08-05','2023-08-05 08:00:00','2023-08-05 17:00:00',1,NULL,NULL),(216,8,'2023-08-06','2023-08-06 08:00:00','2023-08-06 17:00:00',1,NULL,NULL),(217,8,'2023-08-07','2023-08-07 08:00:00','2023-08-07 17:00:00',1,NULL,NULL),(218,8,'2023-08-08','2023-08-08 08:00:00','2023-08-08 17:00:00',1,NULL,NULL),(219,8,'2023-08-09','2023-08-09 08:00:00','2023-08-09 17:00:00',1,NULL,NULL),(220,8,'2023-08-10','2023-08-10 08:00:00','2023-08-10 17:00:00',1,NULL,NULL),(221,8,'2023-08-11','2023-08-11 08:00:00','2023-08-11 17:00:00',1,NULL,NULL),(222,8,'2023-08-12','2023-08-12 08:00:00','2023-08-12 17:00:00',1,NULL,NULL),(223,8,'2023-08-13','2023-08-13 08:00:00','2023-08-13 17:00:00',1,NULL,NULL),(224,8,'2023-08-14','2023-08-14 08:00:00','2023-08-14 17:00:00',1,NULL,NULL),(225,8,'2023-08-15','2023-08-15 08:00:00','2023-08-15 17:00:00',1,NULL,NULL),(226,8,'2023-08-16','2023-08-16 08:00:00','2023-08-16 17:00:00',1,NULL,NULL),(227,8,'2023-08-17','2023-08-17 08:00:00','2023-08-17 17:00:00',1,NULL,NULL),(228,8,'2023-08-18','2023-08-18 08:00:00','2023-08-18 17:00:00',1,NULL,NULL),(229,8,'2023-08-19','2023-08-19 08:00:00','2023-08-19 17:00:00',1,NULL,NULL),(230,8,'2023-08-20','2023-08-20 08:00:00','2023-08-20 17:00:00',1,NULL,NULL),(231,8,'2023-08-21','2023-08-21 08:00:00','2023-08-21 17:00:00',1,NULL,NULL),(232,8,'2023-08-22','2023-08-22 08:00:00','2023-08-22 17:00:00',1,NULL,NULL),(233,8,'2023-08-23','2023-08-23 08:00:00','2023-08-23 17:00:00',1,NULL,NULL),(234,8,'2023-08-24','2023-08-24 08:00:00','2023-08-24 17:00:00',1,NULL,NULL),(235,8,'2023-08-25','2023-08-25 08:00:00','2023-08-25 17:00:00',1,NULL,NULL),(236,8,'2023-08-26','2023-08-26 08:00:00','2023-08-26 17:00:00',1,NULL,NULL),(237,8,'2023-08-27','2023-08-27 08:00:00','2023-08-27 17:00:00',1,NULL,NULL),(238,8,'2023-08-28','2023-08-28 08:00:00','2023-08-28 17:00:00',1,NULL,NULL),(239,8,'2023-08-29','2023-08-29 08:00:00','2023-08-29 17:00:00',1,NULL,NULL),(240,8,'2023-08-30','2023-08-30 08:00:00','2023-08-30 17:00:00',1,NULL,NULL),(241,9,'2023-08-01','2023-08-01 08:00:00','2023-08-01 17:00:00',1,NULL,NULL),(242,9,'2023-08-02','2023-08-02 08:00:00','2023-08-02 17:00:00',1,NULL,NULL),(243,9,'2023-08-03','2023-08-03 08:00:00','2023-08-03 17:00:00',1,NULL,NULL),(244,9,'2023-08-04','2023-08-04 08:00:00','2023-08-04 17:00:00',1,NULL,NULL),(245,9,'2023-08-05','2023-08-05 08:00:00','2023-08-05 17:00:00',1,NULL,NULL),(246,9,'2023-08-06','2023-08-06 08:00:00','2023-08-06 17:00:00',1,NULL,NULL),(247,9,'2023-08-07','2023-08-07 08:00:00','2023-08-07 17:00:00',1,NULL,NULL),(248,9,'2023-08-08','2023-08-08 08:00:00','2023-08-08 17:00:00',1,NULL,NULL),(249,9,'2023-08-09','2023-08-09 08:00:00','2023-08-09 17:00:00',1,NULL,NULL),(250,9,'2023-08-10','2023-08-10 08:00:00','2023-08-10 17:00:00',1,NULL,NULL),(251,9,'2023-08-11','2023-08-11 08:00:00','2023-08-11 17:00:00',1,NULL,NULL),(252,9,'2023-08-12','2023-08-12 08:00:00','2023-08-12 17:00:00',1,NULL,NULL),(253,9,'2023-08-13','2023-08-13 08:00:00','2023-08-13 17:00:00',1,NULL,NULL),(254,9,'2023-08-14','2023-08-14 08:00:00','2023-08-14 17:00:00',1,NULL,NULL),(255,9,'2023-08-15','2023-08-15 08:00:00','2023-08-15 17:00:00',1,NULL,NULL),(256,9,'2023-08-16','2023-08-16 08:00:00','2023-08-16 17:00:00',1,NULL,NULL),(257,9,'2023-08-17','2023-08-17 08:00:00','2023-08-17 17:00:00',1,NULL,NULL),(258,9,'2023-08-18','2023-08-18 08:00:00','2023-08-18 17:00:00',1,NULL,NULL),(259,9,'2023-08-19','2023-08-19 08:00:00','2023-08-19 17:00:00',1,NULL,NULL),(260,9,'2023-08-20','2023-08-20 08:00:00','2023-08-20 17:00:00',1,NULL,NULL),(261,9,'2023-08-21','2023-08-21 08:00:00','2023-08-21 17:00:00',1,NULL,NULL),(262,9,'2023-08-22','2023-08-22 08:00:00','2023-08-22 17:00:00',1,NULL,NULL),(263,9,'2023-08-23','2023-08-23 08:00:00','2023-08-23 17:00:00',1,NULL,NULL),(264,9,'2023-08-24','2023-08-24 08:00:00','2023-08-24 17:00:00',1,NULL,NULL),(265,9,'2023-08-25','2023-08-25 08:00:00','2023-08-25 17:00:00',1,NULL,NULL),(266,9,'2023-08-26','2023-08-26 08:00:00','2023-08-26 17:00:00',1,NULL,NULL),(267,9,'2023-08-27','2023-08-27 08:00:00','2023-08-27 17:00:00',1,NULL,NULL),(268,9,'2023-08-28','2023-08-28 08:00:00','2023-08-28 17:00:00',1,NULL,NULL),(269,9,'2023-08-29','2023-08-29 08:00:00','2023-08-29 17:00:00',1,NULL,NULL),(270,9,'2023-08-30','2023-08-30 08:00:00','2023-08-30 17:00:00',1,NULL,NULL),(271,10,'2023-08-01','2023-08-01 08:00:00','2023-08-01 17:00:00',1,NULL,NULL),(272,10,'2023-08-02','2023-08-02 08:00:00','2023-08-02 17:00:00',1,NULL,NULL),(273,10,'2023-08-03','2023-08-03 08:00:00','2023-08-03 17:00:00',1,NULL,NULL),(274,10,'2023-08-04','2023-08-04 08:00:00','2023-08-04 17:00:00',1,NULL,NULL),(275,10,'2023-08-05','2023-08-05 08:00:00','2023-08-05 17:00:00',1,NULL,NULL),(276,10,'2023-08-06','2023-08-06 08:00:00','2023-08-06 17:00:00',1,NULL,NULL),(277,10,'2023-08-07','2023-08-07 08:00:00','2023-08-07 17:00:00',1,NULL,NULL),(278,10,'2023-08-08','2023-08-08 08:00:00','2023-08-08 17:00:00',1,NULL,NULL),(279,10,'2023-08-09','2023-08-09 08:00:00','2023-08-09 17:00:00',1,NULL,NULL),(280,10,'2023-08-10','2023-08-10 08:00:00','2023-08-10 17:00:00',1,NULL,NULL),(281,10,'2023-08-11','2023-08-11 08:00:00','2023-08-11 17:00:00',1,NULL,NULL),(282,10,'2023-08-12','2023-08-12 08:00:00','2023-08-12 17:00:00',1,NULL,NULL),(283,10,'2023-08-13','2023-08-13 08:00:00','2023-08-13 17:00:00',1,NULL,NULL),(284,10,'2023-08-14','2023-08-14 08:00:00','2023-08-14 17:00:00',1,NULL,NULL),(285,10,'2023-08-15','2023-08-15 08:00:00','2023-08-15 17:00:00',1,NULL,NULL),(286,10,'2023-08-16','2023-08-16 08:00:00','2023-08-16 17:00:00',1,NULL,NULL),(287,10,'2023-08-17','2023-08-17 08:00:00','2023-08-17 17:00:00',1,NULL,NULL),(288,10,'2023-08-18','2023-08-18 08:00:00','2023-08-18 17:00:00',1,NULL,NULL),(289,10,'2023-08-19','2023-08-19 08:00:00','2023-08-19 17:00:00',1,NULL,NULL),(290,10,'2023-08-20','2023-08-20 08:00:00','2023-08-20 17:00:00',1,NULL,NULL),(291,10,'2023-08-21','2023-08-21 08:00:00','2023-08-21 17:00:00',1,NULL,NULL),(292,10,'2023-08-22','2023-08-22 08:00:00','2023-08-22 17:00:00',1,NULL,NULL),(293,10,'2023-08-23','2023-08-23 08:00:00','2023-08-23 17:00:00',1,NULL,NULL),(294,10,'2023-08-24','2023-08-24 08:00:00','2023-08-24 17:00:00',1,NULL,NULL),(295,10,'2023-08-25','2023-08-25 08:00:00','2023-08-25 17:00:00',1,NULL,NULL),(296,10,'2023-08-26','2023-08-26 08:00:00','2023-08-26 17:00:00',1,NULL,NULL),(297,10,'2023-08-27','2023-08-27 08:00:00','2023-08-27 17:00:00',1,NULL,NULL),(298,10,'2023-08-28','2023-08-28 08:00:00','2023-08-28 17:00:00',1,NULL,NULL),(299,10,'2023-08-29','2023-08-29 08:00:00','2023-08-29 17:00:00',1,NULL,NULL),(300,10,'2023-08-30','2023-08-30 08:00:00','2023-08-30 17:00:00',1,NULL,NULL),(301,11,'2023-08-01','2023-08-01 08:00:00','2023-08-01 17:00:00',1,NULL,NULL),(302,11,'2023-08-02','2023-08-02 08:00:00','2023-08-02 17:00:00',1,NULL,NULL),(303,11,'2023-08-03','2023-08-03 08:00:00','2023-08-03 17:00:00',1,NULL,NULL),(304,11,'2023-08-04','2023-08-04 08:00:00','2023-08-04 17:00:00',1,NULL,NULL),(305,11,'2023-08-05','2023-08-05 08:00:00','2023-08-05 17:00:00',1,NULL,NULL),(306,11,'2023-08-06','2023-08-06 08:00:00','2023-08-06 17:00:00',1,NULL,NULL),(307,11,'2023-08-07','2023-08-07 08:00:00','2023-08-07 17:00:00',1,NULL,NULL),(308,11,'2023-08-08','2023-08-08 08:00:00','2023-08-08 17:00:00',1,NULL,NULL),(309,11,'2023-08-09','2023-08-09 08:00:00','2023-08-09 17:00:00',1,NULL,NULL),(310,11,'2023-08-10','2023-08-10 08:00:00','2023-08-10 17:00:00',1,NULL,NULL),(311,11,'2023-08-11','2023-08-11 08:00:00','2023-08-11 17:00:00',1,NULL,NULL),(312,11,'2023-08-12','2023-08-12 08:00:00','2023-08-12 17:00:00',1,NULL,NULL),(313,11,'2023-08-13','2023-08-13 08:00:00','2023-08-13 17:00:00',1,NULL,NULL),(314,11,'2023-08-14','2023-08-14 08:00:00','2023-08-14 17:00:00',1,NULL,NULL),(315,11,'2023-08-15','2023-08-15 08:00:00','2023-08-15 17:00:00',1,NULL,NULL),(316,11,'2023-08-16','2023-08-16 08:00:00','2023-08-16 17:00:00',1,NULL,NULL),(317,11,'2023-08-17','2023-08-17 08:00:00','2023-08-17 17:00:00',1,NULL,NULL),(318,11,'2023-08-18','2023-08-18 08:00:00','2023-08-18 17:00:00',1,NULL,NULL),(319,11,'2023-08-19','2023-08-19 08:00:00','2023-08-19 17:00:00',1,NULL,NULL),(320,11,'2023-08-20','2023-08-20 08:00:00','2023-08-20 17:00:00',1,NULL,NULL),(321,11,'2023-08-21','2023-08-21 08:00:00','2023-08-21 17:00:00',1,NULL,NULL),(322,11,'2023-08-22','2023-08-22 08:00:00','2023-08-22 17:00:00',1,NULL,NULL),(323,11,'2023-08-23','2023-08-23 08:00:00','2023-08-23 17:00:00',1,NULL,NULL),(324,11,'2023-08-24','2023-08-24 08:00:00','2023-08-24 17:00:00',1,NULL,NULL),(325,11,'2023-08-25','2023-08-25 08:00:00','2023-08-25 17:00:00',1,NULL,NULL),(326,11,'2023-08-26','2023-08-26 08:00:00','2023-08-26 17:00:00',1,NULL,NULL),(327,11,'2023-08-27','2023-08-27 08:00:00','2023-08-27 17:00:00',1,NULL,NULL),(328,11,'2023-08-28','2023-08-28 08:00:00','2023-08-28 17:00:00',1,NULL,NULL),(329,11,'2023-08-29','2023-08-29 08:00:00','2023-08-29 17:00:00',1,NULL,NULL),(330,11,'2023-08-30','2023-08-30 08:00:00','2023-08-30 17:00:00',1,NULL,NULL),(331,12,'2023-08-01','2023-08-01 08:00:00','2023-08-01 17:00:00',1,NULL,NULL),(332,12,'2023-08-02','2023-08-02 08:00:00','2023-08-02 17:00:00',1,NULL,NULL),(333,12,'2023-08-03','2023-08-03 08:00:00','2023-08-03 17:00:00',1,NULL,NULL),(334,12,'2023-08-04','2023-08-04 08:00:00','2023-08-04 17:00:00',1,NULL,NULL),(335,12,'2023-08-05','2023-08-05 08:00:00','2023-08-05 17:00:00',1,NULL,NULL),(336,12,'2023-08-06','2023-08-06 08:00:00','2023-08-06 17:00:00',1,NULL,NULL),(337,12,'2023-08-07','2023-08-07 08:00:00','2023-08-07 17:00:00',1,NULL,NULL),(338,12,'2023-08-08','2023-08-08 08:00:00','2023-08-08 17:00:00',1,NULL,NULL),(339,12,'2023-08-09','2023-08-09 08:00:00','2023-08-09 17:00:00',1,NULL,NULL),(340,12,'2023-08-10','2023-08-10 08:00:00','2023-08-10 17:00:00',1,NULL,NULL),(341,12,'2023-08-11','2023-08-11 08:00:00','2023-08-11 17:00:00',1,NULL,NULL),(342,12,'2023-08-12','2023-08-12 08:00:00','2023-08-12 17:00:00',1,NULL,NULL),(343,12,'2023-08-13','2023-08-13 08:00:00','2023-08-13 17:00:00',1,NULL,NULL),(344,12,'2023-08-14','2023-08-14 08:00:00','2023-08-14 17:00:00',1,NULL,NULL),(345,12,'2023-08-15','2023-08-15 08:00:00','2023-08-15 17:00:00',1,NULL,NULL),(346,12,'2023-08-16','2023-08-16 08:00:00','2023-08-16 17:00:00',1,NULL,NULL),(347,12,'2023-08-17','2023-08-17 08:00:00','2023-08-17 17:00:00',1,NULL,NULL),(348,12,'2023-08-18','2023-08-18 08:00:00','2023-08-18 17:00:00',1,NULL,NULL),(349,12,'2023-08-19','2023-08-19 08:00:00','2023-08-19 17:00:00',1,NULL,NULL),(350,12,'2023-08-20','2023-08-20 08:00:00','2023-08-20 17:00:00',1,NULL,NULL),(351,12,'2023-08-21','2023-08-21 08:00:00','2023-08-21 17:00:00',1,NULL,NULL),(352,12,'2023-08-22','2023-08-22 08:00:00','2023-08-22 17:00:00',1,NULL,NULL),(353,12,'2023-08-23','2023-08-23 08:00:00','2023-08-23 17:00:00',1,NULL,NULL),(354,12,'2023-08-24','2023-08-24 08:00:00','2023-08-24 17:00:00',1,NULL,NULL),(355,12,'2023-08-25','2023-08-25 08:00:00','2023-08-25 17:00:00',1,NULL,NULL),(356,12,'2023-08-26','2023-08-26 08:00:00','2023-08-26 17:00:00',1,NULL,NULL),(357,12,'2023-08-27','2023-08-27 08:00:00','2023-08-27 17:00:00',1,NULL,NULL),(358,12,'2023-08-28','2023-08-28 08:00:00','2023-08-28 17:00:00',1,NULL,NULL),(359,12,'2023-08-29','2023-08-29 08:00:00','2023-08-29 17:00:00',1,NULL,NULL),(360,12,'2023-08-30','2023-08-30 08:00:00','2023-08-30 17:00:00',1,NULL,NULL),(361,13,'2023-08-01','2023-08-01 08:00:00','2023-08-01 17:00:00',1,NULL,NULL),(362,13,'2023-08-02','2023-08-02 08:00:00','2023-08-02 17:00:00',1,NULL,NULL),(363,13,'2023-08-03','2023-08-03 08:00:00','2023-08-03 17:00:00',1,NULL,NULL),(364,13,'2023-08-04','2023-08-04 08:00:00','2023-08-04 17:00:00',1,NULL,NULL),(365,13,'2023-08-05','2023-08-05 08:00:00','2023-08-05 17:00:00',1,NULL,NULL),(366,13,'2023-08-06','2023-08-06 08:00:00','2023-08-06 17:00:00',1,NULL,NULL),(367,13,'2023-08-07','2023-08-07 08:00:00','2023-08-07 17:00:00',1,NULL,NULL),(368,13,'2023-08-08','2023-08-08 08:00:00','2023-08-08 17:00:00',1,NULL,NULL),(369,13,'2023-08-09','2023-08-09 08:00:00','2023-08-09 17:00:00',1,NULL,NULL),(370,13,'2023-08-10','2023-08-10 08:00:00','2023-08-10 17:00:00',1,NULL,NULL),(371,13,'2023-08-11','2023-08-11 08:00:00','2023-08-11 17:00:00',1,NULL,NULL),(372,13,'2023-08-12','2023-08-12 08:00:00','2023-08-12 17:00:00',1,NULL,NULL),(373,13,'2023-08-13','2023-08-13 08:00:00','2023-08-13 17:00:00',1,NULL,NULL),(374,13,'2023-08-14','2023-08-14 08:00:00','2023-08-14 17:00:00',1,NULL,NULL),(375,13,'2023-08-15','2023-08-15 08:00:00','2023-08-15 17:00:00',1,NULL,NULL),(376,13,'2023-08-16','2023-08-16 08:00:00','2023-08-16 17:00:00',1,NULL,NULL),(377,13,'2023-08-17','2023-08-17 08:00:00','2023-08-17 17:00:00',1,NULL,NULL),(378,13,'2023-08-18','2023-08-18 08:00:00','2023-08-18 17:00:00',1,NULL,NULL),(379,13,'2023-08-19','2023-08-19 08:00:00','2023-08-19 17:00:00',1,NULL,NULL),(380,13,'2023-08-20','2023-08-20 08:00:00','2023-08-20 17:00:00',1,NULL,NULL),(381,13,'2023-08-21','2023-08-21 08:00:00','2023-08-21 17:00:00',1,NULL,NULL),(382,13,'2023-08-22','2023-08-22 08:00:00','2023-08-22 17:00:00',1,NULL,NULL),(383,13,'2023-08-23','2023-08-23 08:00:00','2023-08-23 17:00:00',1,NULL,NULL),(384,13,'2023-08-24','2023-08-24 08:00:00','2023-08-24 17:00:00',1,NULL,NULL),(385,13,'2023-08-25','2023-08-25 08:00:00','2023-08-25 17:00:00',1,NULL,NULL),(386,13,'2023-08-26','2023-08-26 08:00:00','2023-08-26 17:00:00',1,NULL,NULL),(387,13,'2023-08-27','2023-08-27 08:00:00','2023-08-27 17:00:00',1,NULL,NULL),(388,13,'2023-08-28','2023-08-28 08:00:00','2023-08-28 17:00:00',1,NULL,NULL),(389,13,'2023-08-29','2023-08-29 08:00:00','2023-08-29 17:00:00',1,NULL,NULL),(390,13,'2023-08-30','2023-08-30 08:00:00','2023-08-30 17:00:00',1,NULL,NULL),(391,14,'2023-08-01','2023-08-01 08:00:00','2023-08-01 17:00:00',1,NULL,NULL),(392,14,'2023-08-02','2023-08-02 08:00:00','2023-08-02 17:00:00',1,NULL,NULL),(393,14,'2023-08-03','2023-08-03 08:00:00','2023-08-03 17:00:00',1,NULL,NULL),(394,14,'2023-08-04','2023-08-04 08:00:00','2023-08-04 17:00:00',1,NULL,NULL),(395,14,'2023-08-05','2023-08-05 08:00:00','2023-08-05 17:00:00',1,NULL,NULL),(396,14,'2023-08-06','2023-08-06 08:00:00','2023-08-06 17:00:00',1,NULL,NULL),(397,14,'2023-08-07','2023-08-07 08:00:00','2023-08-07 17:00:00',1,NULL,NULL),(398,14,'2023-08-08','2023-08-08 08:00:00','2023-08-08 17:00:00',1,NULL,NULL),(399,14,'2023-08-09','2023-08-09 08:00:00','2023-08-09 17:00:00',1,NULL,NULL),(400,14,'2023-08-10','2023-08-10 08:00:00','2023-08-10 17:00:00',1,NULL,NULL),(401,14,'2023-08-11','2023-08-11 08:00:00','2023-08-11 17:00:00',1,NULL,NULL),(402,14,'2023-08-12','2023-08-12 08:00:00','2023-08-12 17:00:00',1,NULL,NULL),(403,14,'2023-08-13','2023-08-13 08:00:00','2023-08-13 17:00:00',1,NULL,NULL),(404,14,'2023-08-14','2023-08-14 08:00:00','2023-08-14 17:00:00',1,NULL,NULL),(405,14,'2023-08-15','2023-08-15 08:00:00','2023-08-15 17:00:00',1,NULL,NULL),(406,14,'2023-08-16','2023-08-16 08:00:00','2023-08-16 17:00:00',1,NULL,NULL),(407,14,'2023-08-17','2023-08-17 08:00:00','2023-08-17 17:00:00',1,NULL,NULL),(408,14,'2023-08-18','2023-08-18 08:00:00','2023-08-18 17:00:00',1,NULL,NULL),(409,14,'2023-08-19','2023-08-19 08:00:00','2023-08-19 17:00:00',1,NULL,NULL),(410,14,'2023-08-20','2023-08-20 08:00:00','2023-08-20 17:00:00',1,NULL,NULL),(411,14,'2023-08-21','2023-08-21 08:00:00','2023-08-21 17:00:00',1,NULL,NULL),(412,14,'2023-08-22','2023-08-22 08:00:00','2023-08-22 17:00:00',1,NULL,NULL),(413,14,'2023-08-23','2023-08-23 08:00:00','2023-08-23 17:00:00',1,NULL,NULL),(414,14,'2023-08-24','2023-08-24 08:00:00','2023-08-24 17:00:00',1,NULL,NULL),(415,14,'2023-08-25','2023-08-25 08:00:00','2023-08-25 17:00:00',1,NULL,NULL),(416,14,'2023-08-26','2023-08-26 08:00:00','2023-08-26 17:00:00',1,NULL,NULL),(417,14,'2023-08-27','2023-08-27 08:00:00','2023-08-27 17:00:00',1,NULL,NULL),(418,14,'2023-08-28','2023-08-28 08:00:00','2023-08-28 17:00:00',1,NULL,NULL),(419,14,'2023-08-29','2023-08-29 08:00:00','2023-08-29 17:00:00',1,NULL,NULL),(420,14,'2023-08-30','2023-08-30 08:00:00','2023-08-30 17:00:00',1,NULL,NULL),(421,15,'2023-08-01','2023-08-01 08:00:00','2023-08-01 17:00:00',1,NULL,NULL),(422,15,'2023-08-02','2023-08-02 08:00:00','2023-08-02 17:00:00',1,NULL,NULL),(423,15,'2023-08-03','2023-08-03 08:00:00','2023-08-03 17:00:00',1,NULL,NULL),(424,15,'2023-08-04','2023-08-04 08:00:00','2023-08-04 17:00:00',1,NULL,NULL),(425,15,'2023-08-05','2023-08-05 08:00:00','2023-08-05 17:00:00',1,NULL,NULL),(426,15,'2023-08-06','2023-08-06 08:00:00','2023-08-06 17:00:00',1,NULL,NULL),(427,15,'2023-08-07','2023-08-07 08:00:00','2023-08-07 17:00:00',1,NULL,NULL),(428,15,'2023-08-08','2023-08-08 08:00:00','2023-08-08 17:00:00',1,NULL,NULL),(429,15,'2023-08-09','2023-08-09 08:00:00','2023-08-09 17:00:00',1,NULL,NULL),(430,15,'2023-08-10','2023-08-10 08:00:00','2023-08-10 17:00:00',1,NULL,NULL),(431,15,'2023-08-11','2023-08-11 08:00:00','2023-08-11 17:00:00',1,NULL,NULL),(432,15,'2023-08-12','2023-08-12 08:00:00','2023-08-12 17:00:00',1,NULL,NULL),(433,15,'2023-08-13','2023-08-13 08:00:00','2023-08-13 17:00:00',1,NULL,NULL),(434,15,'2023-08-14','2023-08-14 08:00:00','2023-08-14 17:00:00',1,NULL,NULL),(435,15,'2023-08-15','2023-08-15 08:00:00','2023-08-15 17:00:00',1,NULL,NULL),(436,15,'2023-08-16','2023-08-16 08:00:00','2023-08-16 17:00:00',1,NULL,NULL),(437,15,'2023-08-17','2023-08-17 08:00:00','2023-08-17 17:00:00',1,NULL,NULL),(438,15,'2023-08-18','2023-08-18 08:00:00','2023-08-18 17:00:00',1,NULL,NULL),(439,15,'2023-08-19','2023-08-19 08:00:00','2023-08-19 17:00:00',1,NULL,NULL),(440,15,'2023-08-20','2023-08-20 08:00:00','2023-08-20 17:00:00',1,NULL,NULL),(441,15,'2023-08-21','2023-08-21 08:00:00','2023-08-21 17:00:00',1,NULL,NULL),(442,15,'2023-08-22','2023-08-22 08:00:00','2023-08-22 17:00:00',1,NULL,NULL),(443,15,'2023-08-23','2023-08-23 08:00:00','2023-08-23 17:00:00',1,NULL,NULL),(444,15,'2023-08-24','2023-08-24 08:00:00','2023-08-24 17:00:00',1,NULL,NULL),(445,15,'2023-08-25','2023-08-25 08:00:00','2023-08-25 17:00:00',1,NULL,NULL),(446,15,'2023-08-26','2023-08-26 08:00:00','2023-08-26 17:00:00',1,NULL,NULL),(447,15,'2023-08-27','2023-08-27 08:00:00','2023-08-27 17:00:00',1,NULL,NULL),(448,15,'2023-08-28','2023-08-28 08:00:00','2023-08-28 17:00:00',1,NULL,NULL),(449,15,'2023-08-29','2023-08-29 08:00:00','2023-08-29 17:00:00',1,NULL,NULL),(450,15,'2023-08-30','2023-08-30 08:00:00','2023-08-30 17:00:00',1,NULL,NULL),(451,16,'2023-08-01','2023-08-01 08:00:00','2023-08-01 17:00:00',1,NULL,NULL),(452,16,'2023-08-02','2023-08-02 08:00:00','2023-08-02 17:00:00',1,NULL,NULL),(453,16,'2023-08-03','2023-08-03 08:00:00','2023-08-03 17:00:00',1,NULL,NULL),(454,16,'2023-08-04','2023-08-04 08:00:00','2023-08-04 17:00:00',1,NULL,NULL),(455,16,'2023-08-05','2023-08-05 08:00:00','2023-08-05 17:00:00',1,NULL,NULL),(456,16,'2023-08-06','2023-08-06 08:00:00','2023-08-06 17:00:00',1,NULL,NULL),(457,16,'2023-08-07','2023-08-07 08:00:00','2023-08-07 17:00:00',1,NULL,NULL),(458,16,'2023-08-08','2023-08-08 08:00:00','2023-08-08 17:00:00',1,NULL,NULL),(459,16,'2023-08-09','2023-08-09 08:00:00','2023-08-09 17:00:00',1,NULL,NULL),(460,16,'2023-08-10','2023-08-10 08:00:00','2023-08-10 17:00:00',1,NULL,NULL),(461,16,'2023-08-11','2023-08-11 08:00:00','2023-08-11 17:00:00',1,NULL,NULL),(462,16,'2023-08-12','2023-08-12 08:00:00','2023-08-12 17:00:00',1,NULL,NULL),(463,16,'2023-08-13','2023-08-13 08:00:00','2023-08-13 17:00:00',1,NULL,NULL),(464,16,'2023-08-14','2023-08-14 08:00:00','2023-08-14 17:00:00',1,NULL,NULL),(465,16,'2023-08-15','2023-08-15 08:00:00','2023-08-15 17:00:00',1,NULL,NULL),(466,16,'2023-08-16','2023-08-16 08:00:00','2023-08-16 17:00:00',1,NULL,NULL),(467,16,'2023-08-17','2023-08-17 08:00:00','2023-08-17 17:00:00',1,NULL,NULL),(468,16,'2023-08-18','2023-08-18 08:00:00','2023-08-18 17:00:00',1,NULL,NULL),(469,16,'2023-08-19','2023-08-19 08:00:00','2023-08-19 17:00:00',1,NULL,NULL),(470,16,'2023-08-20','2023-08-20 08:00:00','2023-08-20 17:00:00',1,NULL,NULL),(471,16,'2023-08-21','2023-08-21 08:00:00','2023-08-21 17:00:00',1,NULL,NULL),(472,16,'2023-08-22','2023-08-22 08:00:00','2023-08-22 17:00:00',1,NULL,NULL),(473,16,'2023-08-23','2023-08-23 08:00:00','2023-08-23 17:00:00',1,NULL,NULL),(474,16,'2023-08-24','2023-08-24 08:00:00','2023-08-24 17:00:00',1,NULL,NULL),(475,16,'2023-08-25','2023-08-25 08:00:00','2023-08-25 17:00:00',1,NULL,NULL),(476,16,'2023-08-26','2023-08-26 08:00:00','2023-08-26 17:00:00',1,NULL,NULL),(477,16,'2023-08-27','2023-08-27 08:00:00','2023-08-27 17:00:00',1,NULL,NULL),(478,16,'2023-08-28','2023-08-28 08:00:00','2023-08-28 17:00:00',1,NULL,NULL),(479,16,'2023-08-29','2023-08-29 08:00:00','2023-08-29 17:00:00',1,NULL,NULL),(480,16,'2023-08-30','2023-08-30 08:00:00','2023-08-30 17:00:00',1,NULL,NULL),(481,17,'2023-08-01','2023-08-01 08:00:00','2023-08-01 17:00:00',1,NULL,NULL),(482,17,'2023-08-02','2023-08-02 08:00:00','2023-08-02 17:00:00',1,NULL,NULL),(483,17,'2023-08-03','2023-08-03 08:00:00','2023-08-03 17:00:00',1,NULL,NULL),(484,17,'2023-08-04','2023-08-04 08:00:00','2023-08-04 17:00:00',1,NULL,NULL),(485,17,'2023-08-05','2023-08-05 08:00:00','2023-08-05 17:00:00',1,NULL,NULL),(486,17,'2023-08-06','2023-08-06 08:00:00','2023-08-06 17:00:00',1,NULL,NULL),(487,17,'2023-08-07','2023-08-07 08:00:00','2023-08-07 17:00:00',1,NULL,NULL),(488,17,'2023-08-08','2023-08-08 08:00:00','2023-08-08 17:00:00',1,NULL,NULL),(489,17,'2023-08-09','2023-08-09 08:00:00','2023-08-09 17:00:00',1,NULL,NULL),(490,17,'2023-08-10','2023-08-10 08:00:00','2023-08-10 17:00:00',1,NULL,NULL),(491,17,'2023-08-11','2023-08-11 08:00:00','2023-08-11 17:00:00',1,NULL,NULL),(492,17,'2023-08-12','2023-08-12 08:00:00','2023-08-12 17:00:00',1,NULL,NULL),(493,17,'2023-08-13','2023-08-13 08:00:00','2023-08-13 17:00:00',1,NULL,NULL),(494,17,'2023-08-14','2023-08-14 08:00:00','2023-08-14 17:00:00',1,NULL,NULL),(495,17,'2023-08-15','2023-08-15 08:00:00','2023-08-15 17:00:00',1,NULL,NULL),(496,17,'2023-08-16','2023-08-16 08:00:00','2023-08-16 17:00:00',1,NULL,NULL),(497,17,'2023-08-17','2023-08-17 08:00:00','2023-08-17 17:00:00',1,NULL,NULL),(498,17,'2023-08-18','2023-08-18 08:00:00','2023-08-18 17:00:00',1,NULL,NULL),(499,17,'2023-08-19','2023-08-19 08:00:00','2023-08-19 17:00:00',1,NULL,NULL),(500,17,'2023-08-20','2023-08-20 08:00:00','2023-08-20 17:00:00',1,NULL,NULL),(501,17,'2023-08-21','2023-08-21 08:00:00','2023-08-21 17:00:00',1,NULL,NULL),(502,17,'2023-08-22','2023-08-22 08:00:00','2023-08-22 17:00:00',1,NULL,NULL),(503,17,'2023-08-23','2023-08-23 08:00:00','2023-08-23 17:00:00',1,NULL,NULL),(504,17,'2023-08-24','2023-08-24 08:00:00','2023-08-24 17:00:00',1,NULL,NULL),(505,17,'2023-08-25','2023-08-25 08:00:00','2023-08-25 17:00:00',1,NULL,NULL),(506,17,'2023-08-26','2023-08-26 08:00:00','2023-08-26 17:00:00',1,NULL,NULL),(507,17,'2023-08-27','2023-08-27 08:00:00','2023-08-27 17:00:00',1,NULL,NULL),(508,17,'2023-08-28','2023-08-28 08:00:00','2023-08-28 17:00:00',1,NULL,NULL),(509,17,'2023-08-29','2023-08-29 08:00:00','2023-08-29 17:00:00',1,NULL,NULL),(510,17,'2023-08-30','2023-08-30 08:00:00','2023-08-30 17:00:00',1,NULL,NULL),(511,18,'2023-08-01','2023-08-01 08:00:00','2023-08-01 17:00:00',1,NULL,NULL),(512,18,'2023-08-02','2023-08-02 08:00:00','2023-08-02 17:00:00',1,NULL,NULL),(513,18,'2023-08-03','2023-08-03 08:00:00','2023-08-03 17:00:00',1,NULL,NULL),(514,18,'2023-08-04','2023-08-04 08:00:00','2023-08-04 17:00:00',1,NULL,NULL),(515,18,'2023-08-05','2023-08-05 08:00:00','2023-08-05 17:00:00',1,NULL,NULL),(516,18,'2023-08-06','2023-08-06 08:00:00','2023-08-06 17:00:00',1,NULL,NULL),(517,18,'2023-08-07','2023-08-07 08:00:00','2023-08-07 17:00:00',1,NULL,NULL),(518,18,'2023-08-08','2023-08-08 08:00:00','2023-08-08 17:00:00',1,NULL,NULL),(519,18,'2023-08-09','2023-08-09 08:00:00','2023-08-09 17:00:00',1,NULL,NULL),(520,18,'2023-08-10','2023-08-10 08:00:00','2023-08-10 17:00:00',1,NULL,NULL),(521,18,'2023-08-11','2023-08-11 08:00:00','2023-08-11 17:00:00',1,NULL,NULL),(522,18,'2023-08-12','2023-08-12 08:00:00','2023-08-12 17:00:00',1,NULL,NULL),(523,18,'2023-08-13','2023-08-13 08:00:00','2023-08-13 17:00:00',1,NULL,NULL),(524,18,'2023-08-14','2023-08-14 08:00:00','2023-08-14 17:00:00',1,NULL,NULL),(525,18,'2023-08-15','2023-08-15 08:00:00','2023-08-15 17:00:00',1,NULL,NULL),(526,18,'2023-08-16','2023-08-16 08:00:00','2023-08-16 17:00:00',1,NULL,NULL),(527,18,'2023-08-17','2023-08-17 08:00:00','2023-08-17 17:00:00',1,NULL,NULL),(528,18,'2023-08-18','2023-08-18 08:00:00','2023-08-18 17:00:00',1,NULL,NULL),(529,18,'2023-08-19','2023-08-19 08:00:00','2023-08-19 17:00:00',1,NULL,NULL),(530,18,'2023-08-20','2023-08-20 08:00:00','2023-08-20 17:00:00',1,NULL,NULL),(531,18,'2023-08-21','2023-08-21 08:00:00','2023-08-21 17:00:00',1,NULL,NULL),(532,18,'2023-08-22','2023-08-22 08:00:00','2023-08-22 17:00:00',1,NULL,NULL),(533,18,'2023-08-23','2023-08-23 08:00:00','2023-08-23 17:00:00',1,NULL,NULL),(534,18,'2023-08-24','2023-08-24 08:00:00','2023-08-24 17:00:00',1,NULL,NULL),(535,18,'2023-08-25','2023-08-25 08:00:00','2023-08-25 17:00:00',1,NULL,NULL),(536,18,'2023-08-26','2023-08-26 08:00:00','2023-08-26 17:00:00',1,NULL,NULL),(537,18,'2023-08-27','2023-08-27 08:00:00','2023-08-27 17:00:00',1,NULL,NULL),(538,18,'2023-08-28','2023-08-28 08:00:00','2023-08-28 17:00:00',1,NULL,NULL),(539,18,'2023-08-29','2023-08-29 08:00:00','2023-08-29 17:00:00',1,NULL,NULL),(540,18,'2023-08-30','2023-08-30 08:00:00','2023-08-30 17:00:00',1,NULL,NULL),(541,19,'2023-08-01','2023-08-01 08:00:00','2023-08-01 17:00:00',1,NULL,NULL),(542,19,'2023-08-02','2023-08-02 08:00:00','2023-08-02 17:00:00',1,NULL,NULL),(543,19,'2023-08-03','2023-08-03 08:00:00','2023-08-03 17:00:00',1,NULL,NULL),(544,19,'2023-08-04','2023-08-04 08:00:00','2023-08-04 17:00:00',1,NULL,NULL),(545,19,'2023-08-05','2023-08-05 08:00:00','2023-08-05 17:00:00',1,NULL,NULL),(546,19,'2023-08-06','2023-08-06 08:00:00','2023-08-06 17:00:00',1,NULL,NULL),(547,19,'2023-08-07','2023-08-07 08:00:00','2023-08-07 17:00:00',1,NULL,NULL),(548,19,'2023-08-08','2023-08-08 08:00:00','2023-08-08 17:00:00',1,NULL,NULL),(549,19,'2023-08-09','2023-08-09 08:00:00','2023-08-09 17:00:00',1,NULL,NULL),(550,19,'2023-08-10','2023-08-10 08:00:00','2023-08-10 17:00:00',1,NULL,NULL),(551,19,'2023-08-11','2023-08-11 08:00:00','2023-08-11 17:00:00',1,NULL,NULL),(552,19,'2023-08-12','2023-08-12 08:00:00','2023-08-12 17:00:00',1,NULL,NULL),(553,19,'2023-08-13','2023-08-13 08:00:00','2023-08-13 17:00:00',1,NULL,NULL),(554,19,'2023-08-14','2023-08-14 08:00:00','2023-08-14 17:00:00',1,NULL,NULL),(555,19,'2023-08-15','2023-08-15 08:00:00','2023-08-15 17:00:00',1,NULL,NULL),(556,19,'2023-08-16','2023-08-16 08:00:00','2023-08-16 17:00:00',1,NULL,NULL),(557,19,'2023-08-17','2023-08-17 08:00:00','2023-08-17 17:00:00',1,NULL,NULL),(558,19,'2023-08-18','2023-08-18 08:00:00','2023-08-18 17:00:00',1,NULL,NULL),(559,19,'2023-08-19','2023-08-19 08:00:00','2023-08-19 17:00:00',1,NULL,NULL),(560,19,'2023-08-20','2023-08-20 08:00:00','2023-08-20 17:00:00',1,NULL,NULL),(561,19,'2023-08-21','2023-08-21 08:00:00','2023-08-21 17:00:00',1,NULL,NULL),(562,19,'2023-08-22','2023-08-22 08:00:00','2023-08-22 17:00:00',1,NULL,NULL),(563,19,'2023-08-23','2023-08-23 08:00:00','2023-08-23 17:00:00',1,NULL,NULL),(564,19,'2023-08-24','2023-08-24 08:00:00','2023-08-24 17:00:00',1,NULL,NULL),(565,19,'2023-08-25','2023-08-25 08:00:00','2023-08-25 17:00:00',1,NULL,NULL),(566,19,'2023-08-26','2023-08-26 08:00:00','2023-08-26 17:00:00',1,NULL,NULL),(567,19,'2023-08-27','2023-08-27 08:00:00','2023-08-27 17:00:00',1,NULL,NULL),(568,19,'2023-08-28','2023-08-28 08:00:00','2023-08-28 17:00:00',1,NULL,NULL),(569,19,'2023-08-29','2023-08-29 08:00:00','2023-08-29 17:00:00',1,NULL,NULL),(570,19,'2023-08-30','2023-08-30 08:00:00','2023-08-30 17:00:00',1,NULL,NULL),(571,20,'2023-08-01','2023-08-01 08:00:00','2023-08-01 17:00:00',1,NULL,NULL),(572,20,'2023-08-02','2023-08-02 08:00:00','2023-08-02 17:00:00',1,NULL,NULL),(573,20,'2023-08-03','2023-08-03 08:00:00','2023-08-03 17:00:00',1,NULL,NULL),(574,20,'2023-08-04','2023-08-04 08:00:00','2023-08-04 17:00:00',1,NULL,NULL),(575,20,'2023-08-05','2023-08-05 08:00:00','2023-08-05 17:00:00',1,NULL,NULL),(576,20,'2023-08-06','2023-08-06 08:00:00','2023-08-06 17:00:00',1,NULL,NULL),(577,20,'2023-08-07','2023-08-07 08:00:00','2023-08-07 17:00:00',1,NULL,NULL),(578,20,'2023-08-08','2023-08-08 08:00:00','2023-08-08 17:00:00',1,NULL,NULL),(579,20,'2023-08-09','2023-08-09 08:00:00','2023-08-09 17:00:00',1,NULL,NULL),(580,20,'2023-08-10','2023-08-10 08:00:00','2023-08-10 17:00:00',1,NULL,NULL),(581,20,'2023-08-11','2023-08-11 08:00:00','2023-08-11 17:00:00',1,NULL,NULL),(582,20,'2023-08-12','2023-08-12 08:00:00','2023-08-12 17:00:00',1,NULL,NULL),(583,20,'2023-08-13','2023-08-13 08:00:00','2023-08-13 17:00:00',1,NULL,NULL),(584,20,'2023-08-14','2023-08-14 08:00:00','2023-08-14 17:00:00',1,NULL,NULL),(585,20,'2023-08-15','2023-08-15 08:00:00','2023-08-15 17:00:00',1,NULL,NULL),(586,20,'2023-08-16','2023-08-16 08:00:00','2023-08-16 17:00:00',1,NULL,NULL),(587,20,'2023-08-17','2023-08-17 08:00:00','2023-08-17 17:00:00',1,NULL,NULL),(588,20,'2023-08-18','2023-08-18 08:00:00','2023-08-18 17:00:00',1,NULL,NULL),(589,20,'2023-08-19','2023-08-19 08:00:00','2023-08-19 17:00:00',1,NULL,NULL),(590,20,'2023-08-20','2023-08-20 08:00:00','2023-08-20 17:00:00',1,NULL,NULL),(591,20,'2023-08-21','2023-08-21 08:00:00','2023-08-21 17:00:00',1,NULL,NULL),(592,20,'2023-08-22','2023-08-22 08:00:00','2023-08-22 17:00:00',1,NULL,NULL),(593,20,'2023-08-23','2023-08-23 08:00:00','2023-08-23 17:00:00',1,NULL,NULL),(594,20,'2023-08-24','2023-08-24 08:00:00','2023-08-24 17:00:00',1,NULL,NULL),(595,20,'2023-08-25','2023-08-25 08:00:00','2023-08-25 17:00:00',1,NULL,NULL),(596,20,'2023-08-26','2023-08-26 08:00:00','2023-08-26 17:00:00',1,NULL,NULL),(597,20,'2023-08-27','2023-08-27 08:00:00','2023-08-27 17:00:00',1,NULL,NULL),(598,20,'2023-08-28','2023-08-28 08:00:00','2023-08-28 17:00:00',1,NULL,NULL),(599,20,'2023-08-29','2023-08-29 08:00:00','2023-08-29 17:00:00',1,NULL,NULL),(600,20,'2023-08-30','2023-08-30 08:00:00','2023-08-30 17:00:00',1,NULL,NULL),(601,21,'2023-08-01','2023-08-01 08:00:00','2023-08-01 17:00:00',1,NULL,NULL),(602,21,'2023-08-02','2023-08-02 08:00:00','2023-08-02 17:00:00',1,NULL,NULL),(603,21,'2023-08-03','2023-08-03 08:00:00','2023-08-03 17:00:00',1,NULL,NULL),(604,21,'2023-08-04','2023-08-04 08:00:00','2023-08-04 17:00:00',1,NULL,NULL),(605,21,'2023-08-05','2023-08-05 08:00:00','2023-08-05 17:00:00',1,NULL,NULL),(606,21,'2023-08-06','2023-08-06 08:00:00','2023-08-06 17:00:00',1,NULL,NULL),(607,21,'2023-08-07','2023-08-07 08:00:00','2023-08-07 17:00:00',1,NULL,NULL),(608,21,'2023-08-08','2023-08-08 08:00:00','2023-08-08 17:00:00',1,NULL,NULL),(609,21,'2023-08-09','2023-08-09 08:00:00','2023-08-09 17:00:00',1,NULL,NULL),(610,21,'2023-08-10','2023-08-10 08:00:00','2023-08-10 17:00:00',1,NULL,NULL),(611,21,'2023-08-11','2023-08-11 08:00:00','2023-08-11 17:00:00',1,NULL,NULL),(612,21,'2023-08-12','2023-08-12 08:00:00','2023-08-12 17:00:00',1,NULL,NULL),(613,21,'2023-08-13','2023-08-13 08:00:00','2023-08-13 17:00:00',1,NULL,NULL),(614,21,'2023-08-14','2023-08-14 08:00:00','2023-08-14 17:00:00',1,NULL,NULL),(615,21,'2023-08-15','2023-08-15 08:00:00','2023-08-15 17:00:00',1,NULL,NULL),(616,21,'2023-08-16','2023-08-16 08:00:00','2023-08-16 17:00:00',1,NULL,NULL),(617,21,'2023-08-17','2023-08-17 08:00:00','2023-08-17 17:00:00',1,NULL,NULL),(618,21,'2023-08-18','2023-08-18 08:00:00','2023-08-18 17:00:00',1,NULL,NULL),(619,21,'2023-08-19','2023-08-19 08:00:00','2023-08-19 17:00:00',1,NULL,NULL),(620,21,'2023-08-20','2023-08-20 08:00:00','2023-08-20 17:00:00',1,NULL,NULL),(621,21,'2023-08-21','2023-08-21 08:00:00','2023-08-21 17:00:00',1,NULL,NULL),(622,21,'2023-08-22','2023-08-22 08:00:00','2023-08-22 17:00:00',1,NULL,NULL),(623,21,'2023-08-23','2023-08-23 08:00:00','2023-08-23 17:00:00',1,NULL,NULL),(624,21,'2023-08-24','2023-08-24 08:00:00','2023-08-24 17:00:00',1,NULL,NULL),(625,21,'2023-08-25','2023-08-25 08:00:00','2023-08-25 17:00:00',1,NULL,NULL),(626,21,'2023-08-26','2023-08-26 08:00:00','2023-08-26 17:00:00',1,NULL,NULL),(627,21,'2023-08-27','2023-08-27 08:00:00','2023-08-27 17:00:00',1,NULL,NULL),(628,21,'2023-08-28','2023-08-28 08:00:00','2023-08-28 17:00:00',1,NULL,NULL),(629,21,'2023-08-29','2023-08-29 08:00:00','2023-08-29 17:00:00',1,NULL,NULL),(630,21,'2023-08-30','2023-08-30 08:00:00','2023-08-30 17:00:00',1,NULL,NULL),(631,22,'2023-08-01','2023-08-01 08:00:00','2023-08-01 17:00:00',1,NULL,NULL),(632,22,'2023-08-02','2023-08-02 08:00:00','2023-08-02 17:00:00',1,NULL,NULL),(633,22,'2023-08-03','2023-08-03 08:00:00','2023-08-03 17:00:00',1,NULL,NULL),(634,22,'2023-08-04','2023-08-04 08:00:00','2023-08-04 17:00:00',1,NULL,NULL),(635,22,'2023-08-05','2023-08-05 08:00:00','2023-08-05 17:00:00',1,NULL,NULL),(636,22,'2023-08-06','2023-08-06 08:00:00','2023-08-06 17:00:00',1,NULL,NULL),(637,22,'2023-08-07','2023-08-07 08:00:00','2023-08-07 17:00:00',1,NULL,NULL),(638,22,'2023-08-08','2023-08-08 08:00:00','2023-08-08 17:00:00',1,NULL,NULL),(639,22,'2023-08-09','2023-08-09 08:00:00','2023-08-09 17:00:00',1,NULL,NULL),(640,22,'2023-08-10','2023-08-10 08:00:00','2023-08-10 17:00:00',1,NULL,NULL),(641,22,'2023-08-11','2023-08-11 08:00:00','2023-08-11 17:00:00',1,NULL,NULL),(642,22,'2023-08-12','2023-08-12 08:00:00','2023-08-12 17:00:00',1,NULL,NULL),(643,22,'2023-08-13','2023-08-13 08:00:00','2023-08-13 17:00:00',1,NULL,NULL),(644,22,'2023-08-14','2023-08-14 08:00:00','2023-08-14 17:00:00',1,NULL,NULL),(645,22,'2023-08-15','2023-08-15 08:00:00','2023-08-15 17:00:00',1,NULL,NULL),(646,22,'2023-08-16','2023-08-16 08:00:00','2023-08-16 17:00:00',1,NULL,NULL),(647,22,'2023-08-17','2023-08-17 08:00:00','2023-08-17 17:00:00',1,NULL,NULL),(648,22,'2023-08-18','2023-08-18 08:00:00','2023-08-18 17:00:00',1,NULL,NULL),(649,22,'2023-08-19','2023-08-19 08:00:00','2023-08-19 17:00:00',1,NULL,NULL),(650,22,'2023-08-20','2023-08-20 08:00:00','2023-08-20 17:00:00',1,NULL,NULL),(651,22,'2023-08-21','2023-08-21 08:00:00','2023-08-21 17:00:00',1,NULL,NULL),(652,22,'2023-08-22','2023-08-22 08:00:00','2023-08-22 17:00:00',1,NULL,NULL),(653,22,'2023-08-23','2023-08-23 08:00:00','2023-08-23 17:00:00',1,NULL,NULL),(654,22,'2023-08-24','2023-08-24 08:00:00','2023-08-24 17:00:00',1,NULL,NULL),(655,22,'2023-08-25','2023-08-25 08:00:00','2023-08-25 17:00:00',1,NULL,NULL),(656,22,'2023-08-26','2023-08-26 08:00:00','2023-08-26 17:00:00',1,NULL,NULL),(657,22,'2023-08-27','2023-08-27 08:00:00','2023-08-27 17:00:00',1,NULL,NULL),(658,22,'2023-08-28','2023-08-28 08:00:00','2023-08-28 17:00:00',1,NULL,NULL),(659,22,'2023-08-29','2023-08-29 08:00:00','2023-08-29 17:00:00',1,NULL,NULL),(660,22,'2023-08-30','2023-08-30 08:00:00','2023-08-30 17:00:00',1,NULL,NULL),(661,23,'2023-08-01','2023-08-01 08:00:00','2023-08-01 17:00:00',1,NULL,NULL),(662,23,'2023-08-02','2023-08-02 08:00:00','2023-08-02 17:00:00',1,NULL,NULL),(663,23,'2023-08-03','2023-08-03 08:00:00','2023-08-03 17:00:00',1,NULL,NULL),(664,23,'2023-08-04','2023-08-04 08:00:00','2023-08-04 17:00:00',1,NULL,NULL),(665,23,'2023-08-05','2023-08-05 08:00:00','2023-08-05 17:00:00',1,NULL,NULL),(666,23,'2023-08-06','2023-08-06 08:00:00','2023-08-06 17:00:00',1,NULL,NULL),(667,23,'2023-08-07','2023-08-07 08:00:00','2023-08-07 17:00:00',1,NULL,NULL),(668,23,'2023-08-08','2023-08-08 08:00:00','2023-08-08 17:00:00',1,NULL,NULL),(669,23,'2023-08-09','2023-08-09 08:00:00','2023-08-09 17:00:00',1,NULL,NULL),(670,23,'2023-08-10','2023-08-10 08:00:00','2023-08-10 17:00:00',1,NULL,NULL),(671,23,'2023-08-11','2023-08-11 08:00:00','2023-08-11 17:00:00',1,NULL,NULL),(672,23,'2023-08-12','2023-08-12 08:00:00','2023-08-12 17:00:00',1,NULL,NULL),(673,23,'2023-08-13','2023-08-13 08:00:00','2023-08-13 17:00:00',1,NULL,NULL),(674,23,'2023-08-14','2023-08-14 08:00:00','2023-08-14 17:00:00',1,NULL,NULL),(675,23,'2023-08-15','2023-08-15 08:00:00','2023-08-15 17:00:00',1,NULL,NULL),(676,23,'2023-08-16','2023-08-16 08:00:00','2023-08-16 17:00:00',1,NULL,NULL),(677,23,'2023-08-17','2023-08-17 08:00:00','2023-08-17 17:00:00',1,NULL,NULL),(678,23,'2023-08-18','2023-08-18 08:00:00','2023-08-18 17:00:00',1,NULL,NULL),(679,23,'2023-08-19','2023-08-19 08:00:00','2023-08-19 17:00:00',1,NULL,NULL),(680,23,'2023-08-20','2023-08-20 08:00:00','2023-08-20 17:00:00',1,NULL,NULL),(681,23,'2023-08-21','2023-08-21 08:00:00','2023-08-21 17:00:00',1,NULL,NULL),(682,23,'2023-08-22','2023-08-22 08:00:00','2023-08-22 17:00:00',1,NULL,NULL),(683,23,'2023-08-23','2023-08-23 08:00:00','2023-08-23 17:00:00',1,NULL,NULL),(684,23,'2023-08-24','2023-08-24 08:00:00','2023-08-24 17:00:00',1,NULL,NULL),(685,23,'2023-08-25','2023-08-25 08:00:00','2023-08-25 17:00:00',1,NULL,NULL),(686,23,'2023-08-26','2023-08-26 08:00:00','2023-08-26 17:00:00',1,NULL,NULL),(687,23,'2023-08-27','2023-08-27 08:00:00','2023-08-27 17:00:00',1,NULL,NULL),(688,23,'2023-08-28','2023-08-28 08:00:00','2023-08-28 17:00:00',1,NULL,NULL),(689,23,'2023-08-29','2023-08-29 08:00:00','2023-08-29 17:00:00',1,NULL,NULL),(690,23,'2023-08-30','2023-08-30 08:00:00','2023-08-30 17:00:00',1,NULL,NULL),(691,24,'2023-08-01','2023-08-01 08:00:00','2023-08-01 17:00:00',1,NULL,NULL),(692,24,'2023-08-02','2023-08-02 08:00:00','2023-08-02 17:00:00',1,NULL,NULL),(693,24,'2023-08-03','2023-08-03 08:00:00','2023-08-03 17:00:00',1,NULL,NULL),(694,24,'2023-08-04','2023-08-04 08:00:00','2023-08-04 17:00:00',1,NULL,NULL),(695,24,'2023-08-05','2023-08-05 08:00:00','2023-08-05 17:00:00',1,NULL,NULL),(696,24,'2023-08-06','2023-08-06 08:00:00','2023-08-06 17:00:00',1,NULL,NULL),(697,24,'2023-08-07','2023-08-07 08:00:00','2023-08-07 17:00:00',1,NULL,NULL),(698,24,'2023-08-08','2023-08-08 08:00:00','2023-08-08 17:00:00',1,NULL,NULL),(699,24,'2023-08-09','2023-08-09 08:00:00','2023-08-09 17:00:00',1,NULL,NULL),(700,24,'2023-08-10','2023-08-10 08:00:00','2023-08-10 17:00:00',1,NULL,NULL),(701,24,'2023-08-11','2023-08-11 08:00:00','2023-08-11 17:00:00',1,NULL,NULL),(702,24,'2023-08-12','2023-08-12 08:00:00','2023-08-12 17:00:00',1,NULL,NULL),(703,24,'2023-08-13','2023-08-13 08:00:00','2023-08-13 17:00:00',1,NULL,NULL),(704,24,'2023-08-14','2023-08-14 08:00:00','2023-08-14 17:00:00',1,NULL,NULL),(705,24,'2023-08-15','2023-08-15 08:00:00','2023-08-15 17:00:00',1,NULL,NULL),(706,24,'2023-08-16','2023-08-16 08:00:00','2023-08-16 17:00:00',1,NULL,NULL),(707,24,'2023-08-17','2023-08-17 08:00:00','2023-08-17 17:00:00',1,NULL,NULL),(708,24,'2023-08-18','2023-08-18 08:00:00','2023-08-18 17:00:00',1,NULL,NULL),(709,24,'2023-08-19','2023-08-19 08:00:00','2023-08-19 17:00:00',1,NULL,NULL),(710,24,'2023-08-20','2023-08-20 08:00:00','2023-08-20 17:00:00',1,NULL,NULL),(711,24,'2023-08-21','2023-08-21 08:00:00','2023-08-21 17:00:00',1,NULL,NULL),(712,24,'2023-08-22','2023-08-22 08:00:00','2023-08-22 17:00:00',1,NULL,NULL),(713,24,'2023-08-23','2023-08-23 08:00:00','2023-08-23 17:00:00',1,NULL,NULL),(714,24,'2023-08-24','2023-08-24 08:00:00','2023-08-24 17:00:00',1,NULL,NULL),(715,24,'2023-08-25','2023-08-25 08:00:00','2023-08-25 17:00:00',1,NULL,NULL),(716,24,'2023-08-26','2023-08-26 08:00:00','2023-08-26 17:00:00',1,NULL,NULL),(717,24,'2023-08-27','2023-08-27 08:00:00','2023-08-27 17:00:00',1,NULL,NULL),(718,24,'2023-08-28','2023-08-28 08:00:00','2023-08-28 17:00:00',1,NULL,NULL),(719,24,'2023-08-29','2023-08-29 08:00:00','2023-08-29 17:00:00',1,NULL,NULL),(720,24,'2023-08-30','2023-08-30 08:00:00','2023-08-30 17:00:00',1,NULL,NULL),(721,25,'2023-08-01','2023-08-01 08:00:00','2023-08-01 17:00:00',1,NULL,NULL),(722,25,'2023-08-02','2023-08-02 08:00:00','2023-08-02 17:00:00',1,NULL,NULL),(723,25,'2023-08-03','2023-08-03 08:00:00','2023-08-03 17:00:00',1,NULL,NULL),(724,25,'2023-08-04','2023-08-04 08:00:00','2023-08-04 17:00:00',1,NULL,NULL),(725,25,'2023-08-05','2023-08-05 08:00:00','2023-08-05 17:00:00',1,NULL,NULL),(726,25,'2023-08-06','2023-08-06 08:00:00','2023-08-06 17:00:00',1,NULL,NULL),(727,25,'2023-08-07','2023-08-07 08:00:00','2023-08-07 17:00:00',1,NULL,NULL),(728,25,'2023-08-08','2023-08-08 08:00:00','2023-08-08 17:00:00',1,NULL,NULL),(729,25,'2023-08-09','2023-08-09 08:00:00','2023-08-09 17:00:00',1,NULL,NULL),(730,25,'2023-08-10','2023-08-10 08:00:00','2023-08-10 17:00:00',1,NULL,NULL),(731,25,'2023-08-11','2023-08-11 08:00:00','2023-08-11 17:00:00',1,NULL,NULL),(732,25,'2023-08-12','2023-08-12 08:00:00','2023-08-12 17:00:00',1,NULL,NULL),(733,25,'2023-08-13','2023-08-13 08:00:00','2023-08-13 17:00:00',1,NULL,NULL),(734,25,'2023-08-14','2023-08-14 08:00:00','2023-08-14 17:00:00',1,NULL,NULL),(735,25,'2023-08-15','2023-08-15 08:00:00','2023-08-15 17:00:00',1,NULL,NULL),(736,25,'2023-08-16','2023-08-16 08:00:00','2023-08-16 17:00:00',1,NULL,NULL),(737,25,'2023-08-17','2023-08-17 08:00:00','2023-08-17 17:00:00',1,NULL,NULL),(738,25,'2023-08-18','2023-08-18 08:00:00','2023-08-18 17:00:00',1,NULL,NULL),(739,25,'2023-08-19','2023-08-19 08:00:00','2023-08-19 17:00:00',1,NULL,NULL),(740,25,'2023-08-20','2023-08-20 08:00:00','2023-08-20 17:00:00',1,NULL,NULL),(741,25,'2023-08-21','2023-08-21 08:00:00','2023-08-21 17:00:00',1,NULL,NULL),(742,25,'2023-08-22','2023-08-22 08:00:00','2023-08-22 17:00:00',1,NULL,NULL),(743,25,'2023-08-23','2023-08-23 08:00:00','2023-08-23 17:00:00',1,NULL,NULL),(744,25,'2023-08-24','2023-08-24 08:00:00','2023-08-24 17:00:00',1,NULL,NULL),(745,25,'2023-08-25','2023-08-25 08:00:00','2023-08-25 17:00:00',1,NULL,NULL),(746,25,'2023-08-26','2023-08-26 08:00:00','2023-08-26 17:00:00',1,NULL,NULL),(747,25,'2023-08-27','2023-08-27 08:00:00','2023-08-27 17:00:00',1,NULL,NULL),(748,25,'2023-08-28','2023-08-28 08:00:00','2023-08-28 17:00:00',1,NULL,NULL),(749,25,'2023-08-29','2023-08-29 08:00:00','2023-08-29 17:00:00',1,NULL,NULL),(750,25,'2023-08-30','2023-08-30 08:00:00','2023-08-30 17:00:00',1,NULL,NULL),(751,26,'2023-08-01','2023-08-01 08:00:00','2023-08-01 17:00:00',1,NULL,NULL),(752,26,'2023-08-02','2023-08-02 08:00:00','2023-08-02 17:00:00',1,NULL,NULL),(753,26,'2023-08-03','2023-08-03 08:00:00','2023-08-03 17:00:00',1,NULL,NULL),(754,26,'2023-08-04','2023-08-04 08:00:00','2023-08-04 17:00:00',1,NULL,NULL),(755,26,'2023-08-05','2023-08-05 08:00:00','2023-08-05 17:00:00',1,NULL,NULL),(756,26,'2023-08-06','2023-08-06 08:00:00','2023-08-06 17:00:00',1,NULL,NULL),(757,26,'2023-08-07','2023-08-07 08:00:00','2023-08-07 17:00:00',1,NULL,NULL),(758,26,'2023-08-08','2023-08-08 08:00:00','2023-08-08 17:00:00',1,NULL,NULL),(759,26,'2023-08-09','2023-08-09 08:00:00','2023-08-09 17:00:00',1,NULL,NULL),(760,26,'2023-08-10','2023-08-10 08:00:00','2023-08-10 17:00:00',1,NULL,NULL),(761,26,'2023-08-11','2023-08-11 08:00:00','2023-08-11 17:00:00',1,NULL,NULL),(762,26,'2023-08-12','2023-08-12 08:00:00','2023-08-12 17:00:00',1,NULL,NULL),(763,26,'2023-08-13','2023-08-13 08:00:00','2023-08-13 17:00:00',1,NULL,NULL),(764,26,'2023-08-14','2023-08-14 08:00:00','2023-08-14 17:00:00',1,NULL,NULL),(765,26,'2023-08-15','2023-08-15 08:00:00','2023-08-15 17:00:00',1,NULL,NULL),(766,26,'2023-08-16','2023-08-16 08:00:00','2023-08-16 17:00:00',1,NULL,NULL),(767,26,'2023-08-17','2023-08-17 08:00:00','2023-08-17 17:00:00',1,NULL,NULL),(768,26,'2023-08-18','2023-08-18 08:00:00','2023-08-18 17:00:00',1,NULL,NULL),(769,26,'2023-08-19','2023-08-19 08:00:00','2023-08-19 17:00:00',1,NULL,NULL),(770,26,'2023-08-20','2023-08-20 08:00:00','2023-08-20 17:00:00',1,NULL,NULL),(771,26,'2023-08-21','2023-08-21 08:00:00','2023-08-21 17:00:00',1,NULL,NULL),(772,26,'2023-08-22','2023-08-22 08:00:00','2023-08-22 17:00:00',1,NULL,NULL),(773,26,'2023-08-23','2023-08-23 08:00:00','2023-08-23 17:00:00',1,NULL,NULL),(774,26,'2023-08-24','2023-08-24 08:00:00','2023-08-24 17:00:00',1,NULL,NULL),(775,26,'2023-08-25','2023-08-25 08:00:00','2023-08-25 17:00:00',1,NULL,NULL),(776,26,'2023-08-26','2023-08-26 08:00:00','2023-08-26 17:00:00',1,NULL,NULL),(777,26,'2023-08-27','2023-08-27 08:00:00','2023-08-27 17:00:00',1,NULL,NULL),(778,26,'2023-08-28','2023-08-28 08:00:00','2023-08-28 17:00:00',1,NULL,NULL),(779,26,'2023-08-29','2023-08-29 08:00:00','2023-08-29 17:00:00',1,NULL,NULL),(780,26,'2023-08-30','2023-08-30 08:00:00','2023-08-30 17:00:00',1,NULL,NULL),(781,27,'2023-08-01','2023-08-01 08:00:00','2023-08-01 17:00:00',1,NULL,NULL),(782,27,'2023-08-02','2023-08-02 08:00:00','2023-08-02 17:00:00',1,NULL,NULL),(783,27,'2023-08-03','2023-08-03 08:00:00','2023-08-03 17:00:00',1,NULL,NULL),(784,27,'2023-08-04','2023-08-04 08:00:00','2023-08-04 17:00:00',1,NULL,NULL),(785,27,'2023-08-05','2023-08-05 08:00:00','2023-08-05 17:00:00',1,NULL,NULL),(786,27,'2023-08-06','2023-08-06 08:00:00','2023-08-06 17:00:00',1,NULL,NULL),(787,27,'2023-08-07','2023-08-07 08:00:00','2023-08-07 17:00:00',1,NULL,NULL),(788,27,'2023-08-08','2023-08-08 08:00:00','2023-08-08 17:00:00',1,NULL,NULL),(789,27,'2023-08-09','2023-08-09 08:00:00','2023-08-09 17:00:00',1,NULL,NULL),(790,27,'2023-08-10','2023-08-10 08:00:00','2023-08-10 17:00:00',1,NULL,NULL),(791,27,'2023-08-11','2023-08-11 08:00:00','2023-08-11 17:00:00',1,NULL,NULL),(792,27,'2023-08-12','2023-08-12 08:00:00','2023-08-12 17:00:00',1,NULL,NULL),(793,27,'2023-08-13','2023-08-13 08:00:00','2023-08-13 17:00:00',1,NULL,NULL),(794,27,'2023-08-14','2023-08-14 08:00:00','2023-08-14 17:00:00',1,NULL,NULL),(795,27,'2023-08-15','2023-08-15 08:00:00','2023-08-15 17:00:00',1,NULL,NULL),(796,27,'2023-08-16','2023-08-16 08:00:00','2023-08-16 17:00:00',1,NULL,NULL),(797,27,'2023-08-17','2023-08-17 08:00:00','2023-08-17 17:00:00',1,NULL,NULL),(798,27,'2023-08-18','2023-08-18 08:00:00','2023-08-18 17:00:00',1,NULL,NULL),(799,27,'2023-08-19','2023-08-19 08:00:00','2023-08-19 17:00:00',1,NULL,NULL),(800,27,'2023-08-20','2023-08-20 08:00:00','2023-08-20 17:00:00',1,NULL,NULL),(801,27,'2023-08-21','2023-08-21 08:00:00','2023-08-21 17:00:00',1,NULL,NULL),(802,27,'2023-08-22','2023-08-22 08:00:00','2023-08-22 17:00:00',1,NULL,NULL),(803,27,'2023-08-23','2023-08-23 08:00:00','2023-08-23 17:00:00',1,NULL,NULL),(804,27,'2023-08-24','2023-08-24 08:00:00','2023-08-24 17:00:00',1,NULL,NULL),(805,27,'2023-08-25','2023-08-25 08:00:00','2023-08-25 17:00:00',1,NULL,NULL),(806,27,'2023-08-26','2023-08-26 08:00:00','2023-08-26 17:00:00',1,NULL,NULL),(807,27,'2023-08-27','2023-08-27 08:00:00','2023-08-27 17:00:00',1,NULL,NULL),(808,27,'2023-08-28','2023-08-28 08:00:00','2023-08-28 17:00:00',1,NULL,NULL),(809,27,'2023-08-29','2023-08-29 08:00:00','2023-08-29 17:00:00',1,NULL,NULL),(810,27,'2023-08-30','2023-08-30 08:00:00','2023-08-30 17:00:00',1,NULL,NULL),(811,28,'2023-08-01','2023-08-01 08:00:00','2023-08-01 17:00:00',1,NULL,NULL),(812,28,'2023-08-02','2023-08-02 08:00:00','2023-08-02 17:00:00',1,NULL,NULL),(813,28,'2023-08-03','2023-08-03 08:00:00','2023-08-03 17:00:00',1,NULL,NULL),(814,28,'2023-08-04','2023-08-04 08:00:00','2023-08-04 17:00:00',1,NULL,NULL),(815,28,'2023-08-05','2023-08-05 08:00:00','2023-08-05 17:00:00',1,NULL,NULL),(816,28,'2023-08-06','2023-08-06 08:00:00','2023-08-06 17:00:00',1,NULL,NULL),(817,28,'2023-08-07','2023-08-07 08:00:00','2023-08-07 17:00:00',1,NULL,NULL),(818,28,'2023-08-08','2023-08-08 08:00:00','2023-08-08 17:00:00',1,NULL,NULL),(819,28,'2023-08-09','2023-08-09 08:00:00','2023-08-09 17:00:00',1,NULL,NULL),(820,28,'2023-08-10','2023-08-10 08:00:00','2023-08-10 17:00:00',1,NULL,NULL),(821,28,'2023-08-11','2023-08-11 08:00:00','2023-08-11 17:00:00',1,NULL,NULL),(822,28,'2023-08-12','2023-08-12 08:00:00','2023-08-12 17:00:00',1,NULL,NULL),(823,28,'2023-08-13','2023-08-13 08:00:00','2023-08-13 17:00:00',1,NULL,NULL),(824,28,'2023-08-14','2023-08-14 08:00:00','2023-08-14 17:00:00',1,NULL,NULL),(825,28,'2023-08-15','2023-08-15 08:00:00','2023-08-15 17:00:00',1,NULL,NULL),(826,28,'2023-08-16','2023-08-16 08:00:00','2023-08-16 17:00:00',1,NULL,NULL),(827,28,'2023-08-17','2023-08-17 08:00:00','2023-08-17 17:00:00',1,NULL,NULL),(828,28,'2023-08-18','2023-08-18 08:00:00','2023-08-18 17:00:00',1,NULL,NULL),(829,28,'2023-08-19','2023-08-19 08:00:00','2023-08-19 17:00:00',1,NULL,NULL),(830,28,'2023-08-20','2023-08-20 08:00:00','2023-08-20 17:00:00',1,NULL,NULL),(831,28,'2023-08-21','2023-08-21 08:00:00','2023-08-21 17:00:00',1,NULL,NULL),(832,28,'2023-08-22','2023-08-22 08:00:00','2023-08-22 17:00:00',1,NULL,NULL),(833,28,'2023-08-23','2023-08-23 08:00:00','2023-08-23 17:00:00',1,NULL,NULL),(834,28,'2023-08-24','2023-08-24 08:00:00','2023-08-24 17:00:00',1,NULL,NULL),(835,28,'2023-08-25','2023-08-25 08:00:00','2023-08-25 17:00:00',1,NULL,NULL),(836,28,'2023-08-26','2023-08-26 08:00:00','2023-08-26 17:00:00',1,NULL,NULL),(837,28,'2023-08-27','2023-08-27 08:00:00','2023-08-27 17:00:00',1,NULL,NULL),(838,28,'2023-08-28','2023-08-28 08:00:00','2023-08-28 17:00:00',1,NULL,NULL),(839,28,'2023-08-29','2023-08-29 08:00:00','2023-08-29 17:00:00',1,NULL,NULL),(840,28,'2023-08-30','2023-08-30 08:00:00','2023-08-30 17:00:00',1,NULL,NULL),(841,29,'2023-08-01','2023-08-01 08:00:00','2023-08-01 17:00:00',1,NULL,NULL),(842,29,'2023-08-02','2023-08-02 08:00:00','2023-08-02 17:00:00',1,NULL,NULL),(843,29,'2023-08-03','2023-08-03 08:00:00','2023-08-03 17:00:00',1,NULL,NULL),(844,29,'2023-08-04','2023-08-04 08:00:00','2023-08-04 17:00:00',1,NULL,NULL),(845,29,'2023-08-05','2023-08-05 08:00:00','2023-08-05 17:00:00',1,NULL,NULL),(846,29,'2023-08-06','2023-08-06 08:00:00','2023-08-06 17:00:00',1,NULL,NULL),(847,29,'2023-08-07','2023-08-07 08:00:00','2023-08-07 17:00:00',1,NULL,NULL),(848,29,'2023-08-08','2023-08-08 08:00:00','2023-08-08 17:00:00',1,NULL,NULL),(849,29,'2023-08-09','2023-08-09 08:00:00','2023-08-09 17:00:00',1,NULL,NULL),(850,29,'2023-08-10','2023-08-10 08:00:00','2023-08-10 17:00:00',1,NULL,NULL),(851,29,'2023-08-11','2023-08-11 08:00:00','2023-08-11 17:00:00',1,NULL,NULL),(852,29,'2023-08-12','2023-08-12 08:00:00','2023-08-12 17:00:00',1,NULL,NULL),(853,29,'2023-08-13','2023-08-13 08:00:00','2023-08-13 17:00:00',1,NULL,NULL),(854,29,'2023-08-14','2023-08-14 08:00:00','2023-08-14 17:00:00',1,NULL,NULL),(855,29,'2023-08-15','2023-08-15 08:00:00','2023-08-15 17:00:00',1,NULL,NULL),(856,29,'2023-08-16','2023-08-16 08:00:00','2023-08-16 17:00:00',1,NULL,NULL),(857,29,'2023-08-17','2023-08-17 08:00:00','2023-08-17 17:00:00',1,NULL,NULL),(858,29,'2023-08-18','2023-08-18 08:00:00','2023-08-18 17:00:00',1,NULL,NULL),(859,29,'2023-08-19','2023-08-19 08:00:00','2023-08-19 17:00:00',1,NULL,NULL),(860,29,'2023-08-20','2023-08-20 08:00:00','2023-08-20 17:00:00',1,NULL,NULL),(861,29,'2023-08-21','2023-08-21 08:00:00','2023-08-21 17:00:00',1,NULL,NULL),(862,29,'2023-08-22','2023-08-22 08:00:00','2023-08-22 17:00:00',1,NULL,NULL),(863,29,'2023-08-23','2023-08-23 08:00:00','2023-08-23 17:00:00',1,NULL,NULL),(864,29,'2023-08-24','2023-08-24 08:00:00','2023-08-24 17:00:00',1,NULL,NULL),(865,29,'2023-08-25','2023-08-25 08:00:00','2023-08-25 17:00:00',1,NULL,NULL),(866,29,'2023-08-26','2023-08-26 08:00:00','2023-08-26 17:00:00',1,NULL,NULL),(867,29,'2023-08-27','2023-08-27 08:00:00','2023-08-27 17:00:00',1,NULL,NULL),(868,29,'2023-08-28','2023-08-28 08:00:00','2023-08-28 17:00:00',1,NULL,NULL),(869,29,'2023-08-29','2023-08-29 08:00:00','2023-08-29 17:00:00',1,NULL,NULL),(870,29,'2023-08-30','2023-08-30 08:00:00','2023-08-30 17:00:00',1,NULL,NULL),(871,30,'2023-08-01','2023-08-01 08:00:00','2023-08-01 17:00:00',1,NULL,NULL),(872,30,'2023-08-02','2023-08-02 08:00:00','2023-08-02 17:00:00',1,NULL,NULL),(873,30,'2023-08-03','2023-08-03 08:00:00','2023-08-03 17:00:00',1,NULL,NULL),(874,30,'2023-08-04','2023-08-04 08:00:00','2023-08-04 17:00:00',1,NULL,NULL),(875,30,'2023-08-05','2023-08-05 08:00:00','2023-08-05 17:00:00',1,NULL,NULL),(876,30,'2023-08-06','2023-08-06 08:00:00','2023-08-06 17:00:00',1,NULL,NULL),(877,30,'2023-08-07','2023-08-07 08:00:00','2023-08-07 17:00:00',1,NULL,NULL),(878,30,'2023-08-08','2023-08-08 08:00:00','2023-08-08 17:00:00',1,NULL,NULL),(879,30,'2023-08-09','2023-08-09 08:00:00','2023-08-09 17:00:00',1,NULL,NULL),(880,30,'2023-08-10','2023-08-10 08:00:00','2023-08-10 17:00:00',1,NULL,NULL),(881,30,'2023-08-11','2023-08-11 08:00:00','2023-08-11 17:00:00',1,NULL,NULL),(882,30,'2023-08-12','2023-08-12 08:00:00','2023-08-12 17:00:00',1,NULL,NULL),(883,30,'2023-08-13','2023-08-13 08:00:00','2023-08-13 17:00:00',1,NULL,NULL),(884,30,'2023-08-14','2023-08-14 08:00:00','2023-08-14 17:00:00',1,NULL,NULL),(885,30,'2023-08-15','2023-08-15 08:00:00','2023-08-15 17:00:00',1,NULL,NULL),(886,30,'2023-08-16','2023-08-16 08:00:00','2023-08-16 17:00:00',1,NULL,NULL),(887,30,'2023-08-17','2023-08-17 08:00:00','2023-08-17 17:00:00',1,NULL,NULL),(888,30,'2023-08-18','2023-08-18 08:00:00','2023-08-18 17:00:00',1,NULL,NULL),(889,30,'2023-08-19','2023-08-19 08:00:00','2023-08-19 17:00:00',1,NULL,NULL),(890,30,'2023-08-20','2023-08-20 08:00:00','2023-08-20 17:00:00',1,NULL,NULL),(891,30,'2023-08-21','2023-08-21 08:00:00','2023-08-21 17:00:00',1,NULL,NULL),(892,30,'2023-08-22','2023-08-22 08:00:00','2023-08-22 17:00:00',1,NULL,NULL),(893,30,'2023-08-23','2023-08-23 08:00:00','2023-08-23 17:00:00',1,NULL,NULL),(894,30,'2023-08-24','2023-08-24 08:00:00','2023-08-24 17:00:00',1,NULL,NULL),(895,30,'2023-08-25','2023-08-25 08:00:00','2023-08-25 17:00:00',1,NULL,NULL),(896,30,'2023-08-26','2023-08-26 08:00:00','2023-08-26 17:00:00',1,NULL,NULL),(897,30,'2023-08-27','2023-08-27 08:00:00','2023-08-27 17:00:00',1,NULL,NULL),(898,30,'2023-08-28','2023-08-28 08:00:00','2023-08-28 17:00:00',1,NULL,NULL),(899,30,'2023-08-29','2023-08-29 08:00:00','2023-08-29 17:00:00',1,NULL,NULL),(900,30,'2023-08-30','2023-08-30 08:00:00','2023-08-30 17:00:00',1,NULL,NULL),(901,31,'2023-08-01','2023-08-01 08:00:00','2023-08-01 17:00:00',1,NULL,NULL),(902,31,'2023-08-02','2023-08-02 08:00:00','2023-08-02 17:00:00',1,NULL,NULL),(903,31,'2023-08-03','2023-08-03 08:00:00','2023-08-03 17:00:00',1,NULL,NULL),(904,31,'2023-08-04','2023-08-04 08:00:00','2023-08-04 17:00:00',1,NULL,NULL),(905,31,'2023-08-05','2023-08-05 08:00:00','2023-08-05 17:00:00',1,NULL,NULL),(906,31,'2023-08-06','2023-08-06 08:00:00','2023-08-06 17:00:00',1,NULL,NULL),(907,31,'2023-08-07','2023-08-07 08:00:00','2023-08-07 17:00:00',1,NULL,NULL),(908,31,'2023-08-08','2023-08-08 08:00:00','2023-08-08 17:00:00',1,NULL,NULL),(909,31,'2023-08-09','2023-08-09 08:00:00','2023-08-09 17:00:00',1,NULL,NULL),(910,31,'2023-08-10','2023-08-10 08:00:00','2023-08-10 17:00:00',1,NULL,NULL),(911,31,'2023-08-11','2023-08-11 08:00:00','2023-08-11 17:00:00',1,NULL,NULL),(912,31,'2023-08-12','2023-08-12 08:00:00','2023-08-12 17:00:00',1,NULL,NULL),(913,31,'2023-08-13','2023-08-13 08:00:00','2023-08-13 17:00:00',1,NULL,NULL),(914,31,'2023-08-14','2023-08-14 08:00:00','2023-08-14 17:00:00',1,NULL,NULL),(915,31,'2023-08-15','2023-08-15 08:00:00','2023-08-15 17:00:00',1,NULL,NULL),(916,31,'2023-08-16','2023-08-16 08:00:00','2023-08-16 17:00:00',1,NULL,NULL),(917,31,'2023-08-17','2023-08-17 08:00:00','2023-08-17 17:00:00',1,NULL,NULL),(918,31,'2023-08-18','2023-08-18 08:00:00','2023-08-18 17:00:00',1,NULL,NULL),(919,31,'2023-08-19','2023-08-19 08:00:00','2023-08-19 17:00:00',1,NULL,NULL),(920,31,'2023-08-20','2023-08-20 08:00:00','2023-08-20 17:00:00',1,NULL,NULL),(921,31,'2023-08-21','2023-08-21 08:00:00','2023-08-21 17:00:00',1,NULL,NULL),(922,31,'2023-08-22','2023-08-22 08:00:00','2023-08-22 17:00:00',1,NULL,NULL),(923,31,'2023-08-23','2023-08-23 08:00:00','2023-08-23 17:00:00',1,NULL,NULL),(924,31,'2023-08-24','2023-08-24 08:00:00','2023-08-24 17:00:00',1,NULL,NULL),(925,31,'2023-08-25','2023-08-25 08:00:00','2023-08-25 17:00:00',1,NULL,NULL),(926,31,'2023-08-26','2023-08-26 08:00:00','2023-08-26 17:00:00',1,NULL,NULL),(927,31,'2023-08-27','2023-08-27 08:00:00','2023-08-27 17:00:00',1,NULL,NULL),(928,31,'2023-08-28','2023-08-28 08:00:00','2023-08-28 17:00:00',1,NULL,NULL),(929,31,'2023-08-29','2023-08-29 08:00:00','2023-08-29 17:00:00',1,NULL,NULL),(930,31,'2023-08-30','2023-08-30 08:00:00','2023-08-30 17:00:00',1,NULL,NULL);
/*!40000 ALTER TABLE `attendances` ENABLE KEYS */;
UNLOCK TABLES;

--
-- Table structure for table `employees`
--

DROP TABLE IF EXISTS `employees`;
/*!40101 SET @saved_cs_client     = @@character_set_client */;
/*!50503 SET character_set_client = utf8mb4 */;
CREATE TABLE `employees` (
  `id` bigint unsigned NOT NULL AUTO_INCREMENT,
  `nik` varchar(20) COLLATE utf8mb4_unicode_ci NOT NULL,
  `name` varchar(155) COLLATE utf8mb4_unicode_ci NOT NULL,
  `birth_date` date NOT NULL,
  `entry_date` date NOT NULL,
  `phone` varchar(15) COLLATE utf8mb4_unicode_ci NOT NULL,
  `job_position_id` bigint unsigned NOT NULL,
  `password` varchar(255) COLLATE utf8mb4_unicode_ci NOT NULL,
  `photo` varchar(255) COLLATE utf8mb4_unicode_ci DEFAULT NULL,
  `created_at` timestamp NULL DEFAULT NULL,
  `updated_at` timestamp NULL DEFAULT NULL,
  PRIMARY KEY (`id`),
  UNIQUE KEY `employees_nik_unique` (`nik`),
  KEY `employees_job_position_id_foreign` (`job_position_id`),
  CONSTRAINT `employees_job_position_id_foreign` FOREIGN KEY (`job_position_id`) REFERENCES `job_positions` (`id`)
) ENGINE=InnoDB AUTO_INCREMENT=32 DEFAULT CHARSET=utf8mb4 COLLATE=utf8mb4_unicode_ci;
/*!40101 SET character_set_client = @saved_cs_client */;

--
-- Dumping data for table `employees`
--

LOCK TABLES `employees` WRITE;
/*!40000 ALTER TABLE `employees` DISABLE KEYS */;
INSERT INTO `employees` VALUES (1,'1205070109950441','Fitriani Pudjiastuti M.Kom.','1978-04-11','1977-01-04','997045040856',1,'$2y$10$JHVg63OvTQxUkXi9NIc9q.aKHtgvhrr0AFB1tn9iSodwrEpUm0EqG','42bcb6b9c3d93c142899fde87527c9f2.png','2023-08-06 03:28:22','2023-08-06 03:28:22'),(2,'1705311906125971','Hadi Hari Hidayat S.Pd','1972-08-13','2015-05-09','999472836602',2,'$2y$10$JHVg63OvTQxUkXi9NIc9q.aKHtgvhrr0AFB1tn9iSodwrEpUm0EqG','42bcb6b9c3d93c142899fde87527c9f2.png','2023-08-06 03:28:22','2023-08-06 03:28:22'),(3,'8271502910053124','Maimunah Halimah','1997-01-01','2021-08-29','998384873177',2,'$2y$10$JHVg63OvTQxUkXi9NIc9q.aKHtgvhrr0AFB1tn9iSodwrEpUm0EqG','42bcb6b9c3d93c142899fde87527c9f2.png','2023-08-06 03:28:22','2023-08-06 03:28:22'),(4,'1374230809139135','Yoga Manullang','1976-09-29','1986-06-07','996913043538',1,'$2y$10$JHVg63OvTQxUkXi9NIc9q.aKHtgvhrr0AFB1tn9iSodwrEpUm0EqG','42bcb6b9c3d93c142899fde87527c9f2.png','2023-08-06 03:28:22','2023-08-06 03:28:22'),(5,'1706920402024783','Dinda Halimah','1991-06-30','2008-06-08','998944809428',2,'$2y$10$JHVg63OvTQxUkXi9NIc9q.aKHtgvhrr0AFB1tn9iSodwrEpUm0EqG','42bcb6b9c3d93c142899fde87527c9f2.png','2023-08-06 03:28:22','2023-08-06 03:28:22'),(6,'9126232708010495','Among Widodo','1974-09-07','2002-11-26','999511216501',1,'$2y$10$JHVg63OvTQxUkXi9NIc9q.aKHtgvhrr0AFB1tn9iSodwrEpUm0EqG','42bcb6b9c3d93c142899fde87527c9f2.png','2023-08-06 03:28:22','2023-08-06 03:28:22'),(7,'3525831010991614','Digdaya Surya Gunarto S.Pt','1984-05-25','2010-05-14','999172233831',1,'$2y$10$JHVg63OvTQxUkXi9NIc9q.aKHtgvhrr0AFB1tn9iSodwrEpUm0EqG','42bcb6b9c3d93c142899fde87527c9f2.png','2023-08-06 03:28:22','2023-08-06 03:28:22'),(8,'7310845608123755','Maida Aryani','1972-07-31','1974-11-10','999416943966',1,'$2y$10$JHVg63OvTQxUkXi9NIc9q.aKHtgvhrr0AFB1tn9iSodwrEpUm0EqG','42bcb6b9c3d93c142899fde87527c9f2.png','2023-08-06 03:28:22','2023-08-06 03:28:22'),(9,'6108201703212717','Indah Pratiwi','1992-05-06','2022-06-30','999552670630',3,'$2y$10$JHVg63OvTQxUkXi9NIc9q.aKHtgvhrr0AFB1tn9iSodwrEpUm0EqG','42bcb6b9c3d93c142899fde87527c9f2.png','2023-08-06 03:28:22','2023-08-06 03:28:22'),(10,'9115452701041122','Umaya Ramadan S.T.','1975-03-15','2003-11-13','997622267854',3,'$2y$10$JHVg63OvTQxUkXi9NIc9q.aKHtgvhrr0AFB1tn9iSodwrEpUm0EqG','42bcb6b9c3d93c142899fde87527c9f2.png','2023-08-06 03:28:22','2023-08-06 03:28:22'),(11,'8204875104220668','Hesti Safitri S.I.Kom','1981-05-01','1990-10-01','996296065200',2,'$2y$10$JHVg63OvTQxUkXi9NIc9q.aKHtgvhrr0AFB1tn9iSodwrEpUm0EqG','42bcb6b9c3d93c142899fde87527c9f2.png','2023-08-06 03:28:22','2023-08-06 03:28:22'),(12,'1672975604146041','Hilda Kusmawati','1988-03-30','2018-02-03','998369787923',3,'$2y$10$JHVg63OvTQxUkXi9NIc9q.aKHtgvhrr0AFB1tn9iSodwrEpUm0EqG','42bcb6b9c3d93c142899fde87527c9f2.png','2023-08-06 03:28:22','2023-08-06 03:28:22'),(13,'1216782903046603','Vega Napitupulu S.Kom','1989-05-07','2002-04-20','996413001367',2,'$2y$10$JHVg63OvTQxUkXi9NIc9q.aKHtgvhrr0AFB1tn9iSodwrEpUm0EqG','42bcb6b9c3d93c142899fde87527c9f2.png','2023-08-06 03:28:22','2023-08-06 03:28:22'),(14,'3273196108930486','Violet Haryanti','1994-01-24','2021-02-18','998759983125',3,'$2y$10$JHVg63OvTQxUkXi9NIc9q.aKHtgvhrr0AFB1tn9iSodwrEpUm0EqG','42bcb6b9c3d93c142899fde87527c9f2.png','2023-08-06 03:28:22','2023-08-06 03:28:22'),(15,'7211935512199869','Icha Titi Uyainah','1985-11-04','2017-02-25','997700862852',3,'$2y$10$JHVg63OvTQxUkXi9NIc9q.aKHtgvhrr0AFB1tn9iSodwrEpUm0EqG','42bcb6b9c3d93c142899fde87527c9f2.png','2023-08-06 03:28:22','2023-08-06 03:28:22'),(16,'2103726407135843','Oliva Nasyidah','1978-03-29','2000-05-13','994435294957',4,'$2y$10$JHVg63OvTQxUkXi9NIc9q.aKHtgvhrr0AFB1tn9iSodwrEpUm0EqG','42bcb6b9c3d93c142899fde87527c9f2.png','2023-08-06 03:28:22','2023-08-06 03:28:22'),(17,'3579660805045470','Icha Wulandari M.Kom.','1995-08-12','2013-04-03','996852093485',1,'$2y$10$JHVg63OvTQxUkXi9NIc9q.aKHtgvhrr0AFB1tn9iSodwrEpUm0EqG','42bcb6b9c3d93c142899fde87527c9f2.png','2023-08-06 03:28:22','2023-08-06 03:28:22'),(18,'7107231306958275','Vinsen Rafid Suwarno','1991-12-15','2015-06-30','995446608082',1,'$2y$10$JHVg63OvTQxUkXi9NIc9q.aKHtgvhrr0AFB1tn9iSodwrEpUm0EqG','42bcb6b9c3d93c142899fde87527c9f2.png','2023-08-06 03:28:22','2023-08-06 03:28:22'),(19,'9104842912008215','Saka Siregar','1981-01-26','1993-08-28','998746510144',1,'$2y$10$JHVg63OvTQxUkXi9NIc9q.aKHtgvhrr0AFB1tn9iSodwrEpUm0EqG','42bcb6b9c3d93c142899fde87527c9f2.png','2023-08-06 03:28:22','2023-08-06 03:28:22'),(20,'1204056101008621','Queen Palastri S.Gz','1983-11-02','1985-06-19','997269499549',2,'$2y$10$JHVg63OvTQxUkXi9NIc9q.aKHtgvhrr0AFB1tn9iSodwrEpUm0EqG','42bcb6b9c3d93c142899fde87527c9f2.png','2023-08-06 03:28:22','2023-08-06 03:28:22'),(21,'1303114305125990','Oni Wahyuni M.Ak','1995-02-03','1981-01-08','999353924417',2,'$2y$10$JHVg63OvTQxUkXi9NIc9q.aKHtgvhrr0AFB1tn9iSodwrEpUm0EqG','42bcb6b9c3d93c142899fde87527c9f2.png','2023-08-06 03:28:22','2023-08-06 03:28:22'),(22,'3317650807139807','Dacin Budiyanto S.I.Kom','1988-04-14','1998-03-03','996101412543',1,'$2y$10$JHVg63OvTQxUkXi9NIc9q.aKHtgvhrr0AFB1tn9iSodwrEpUm0EqG','42bcb6b9c3d93c142899fde87527c9f2.png','2023-08-06 03:28:22','2023-08-06 03:28:22'),(23,'9212594912023454','Humaira Fujiati S.T.','1974-05-03','2019-06-24','997962691921',2,'$2y$10$JHVg63OvTQxUkXi9NIc9q.aKHtgvhrr0AFB1tn9iSodwrEpUm0EqG','42bcb6b9c3d93c142899fde87527c9f2.png','2023-08-06 03:28:22','2023-08-06 03:28:22'),(24,'3471691409998059','Cemani Damanik','1978-03-13','2016-09-16','994491075974',2,'$2y$10$JHVg63OvTQxUkXi9NIc9q.aKHtgvhrr0AFB1tn9iSodwrEpUm0EqG','42bcb6b9c3d93c142899fde87527c9f2.png','2023-08-06 03:28:22','2023-08-06 03:28:22'),(25,'3516855003953784','Salwa Pertiwi','1998-11-23','2007-12-19','998179697941',3,'$2y$10$JHVg63OvTQxUkXi9NIc9q.aKHtgvhrr0AFB1tn9iSodwrEpUm0EqG','42bcb6b9c3d93c142899fde87527c9f2.png','2023-08-06 03:28:22','2023-08-06 03:28:22'),(26,'6502823110942681','Padma Pudjiastuti S.Psi','1999-05-23','2011-11-23','996060460803',4,'$2y$10$JHVg63OvTQxUkXi9NIc9q.aKHtgvhrr0AFB1tn9iSodwrEpUm0EqG','42bcb6b9c3d93c142899fde87527c9f2.png','2023-08-06 03:28:22','2023-08-06 03:28:22'),(27,'1175560208107065','Warsita Martaka Hardiansyah S.Pd','2000-12-27','1983-10-16','994821598363',1,'$2y$10$JHVg63OvTQxUkXi9NIc9q.aKHtgvhrr0AFB1tn9iSodwrEpUm0EqG','42bcb6b9c3d93c142899fde87527c9f2.png','2023-08-06 03:28:22','2023-08-06 03:28:22'),(28,'1303014306091043','Rini Ifa Rahayu','1986-07-06','2006-07-21','995165148034',3,'$2y$10$JHVg63OvTQxUkXi9NIc9q.aKHtgvhrr0AFB1tn9iSodwrEpUm0EqG','42bcb6b9c3d93c142899fde87527c9f2.png','2023-08-06 03:28:22','2023-08-06 03:28:22'),(29,'3101931311065809','Ulva Mayasari','1996-03-28','2019-08-04','999092129922',4,'$2y$10$JHVg63OvTQxUkXi9NIc9q.aKHtgvhrr0AFB1tn9iSodwrEpUm0EqG','42bcb6b9c3d93c142899fde87527c9f2.png','2023-08-06 03:28:22','2023-08-06 03:28:22'),(30,'1674496912043714','Laras Anggraini','1971-12-26','2010-05-19','995962256094',3,'$2y$10$JHVg63OvTQxUkXi9NIc9q.aKHtgvhrr0AFB1tn9iSodwrEpUm0EqG','42bcb6b9c3d93c142899fde87527c9f2.png','2023-08-06 03:28:22','2023-08-06 03:28:22'),(31,'1806555605126182','Vicky Suartini','1984-05-18','1998-07-17','998683763670',3,'$2y$10$JHVg63OvTQxUkXi9NIc9q.aKHtgvhrr0AFB1tn9iSodwrEpUm0EqG','42bcb6b9c3d93c142899fde87527c9f2.png','2023-08-06 03:28:22','2023-08-06 03:28:22');
/*!40000 ALTER TABLE `employees` ENABLE KEYS */;
UNLOCK TABLES;

--
-- Table structure for table `failed_jobs`
--

DROP TABLE IF EXISTS `failed_jobs`;
/*!40101 SET @saved_cs_client     = @@character_set_client */;
/*!50503 SET character_set_client = utf8mb4 */;
CREATE TABLE `failed_jobs` (
  `id` bigint unsigned NOT NULL AUTO_INCREMENT,
  `uuid` varchar(255) COLLATE utf8mb4_unicode_ci NOT NULL,
  `connection` text COLLATE utf8mb4_unicode_ci NOT NULL,
  `queue` text COLLATE utf8mb4_unicode_ci NOT NULL,
  `payload` longtext COLLATE utf8mb4_unicode_ci NOT NULL,
  `exception` longtext COLLATE utf8mb4_unicode_ci NOT NULL,
  `failed_at` timestamp NOT NULL DEFAULT CURRENT_TIMESTAMP,
  PRIMARY KEY (`id`),
  UNIQUE KEY `failed_jobs_uuid_unique` (`uuid`)
) ENGINE=InnoDB DEFAULT CHARSET=utf8mb4 COLLATE=utf8mb4_unicode_ci;
/*!40101 SET character_set_client = @saved_cs_client */;

--
-- Dumping data for table `failed_jobs`
--

LOCK TABLES `failed_jobs` WRITE;
/*!40000 ALTER TABLE `failed_jobs` DISABLE KEYS */;
/*!40000 ALTER TABLE `failed_jobs` ENABLE KEYS */;
UNLOCK TABLES;

--
-- Table structure for table `job_positions`
--

DROP TABLE IF EXISTS `job_positions`;
/*!40101 SET @saved_cs_client     = @@character_set_client */;
/*!50503 SET character_set_client = utf8mb4 */;
CREATE TABLE `job_positions` (
  `id` bigint unsigned NOT NULL AUTO_INCREMENT,
  `title` varchar(255) COLLATE utf8mb4_unicode_ci NOT NULL,
  `level` smallint NOT NULL,
  `salary` double NOT NULL,
  `created_at` timestamp NULL DEFAULT NULL,
  `updated_at` timestamp NULL DEFAULT NULL,
  PRIMARY KEY (`id`),
  KEY `job_positions_title_index` (`title`)
) ENGINE=InnoDB AUTO_INCREMENT=5 DEFAULT CHARSET=utf8mb4 COLLATE=utf8mb4_unicode_ci;
/*!40101 SET character_set_client = @saved_cs_client */;

--
-- Dumping data for table `job_positions`
--

LOCK TABLES `job_positions` WRITE;
/*!40000 ALTER TABLE `job_positions` DISABLE KEYS */;
INSERT INTO `job_positions` VALUES (1,'Position 1',1,3000000,NULL,NULL),(2,'Position 2',2,4000000,NULL,NULL),(3,'Position 3',3,5000000,NULL,NULL),(4,'Position 4',4,5000000,NULL,NULL);
/*!40000 ALTER TABLE `job_positions` ENABLE KEYS */;
UNLOCK TABLES;

--
-- Table structure for table `jobs`
--

DROP TABLE IF EXISTS `jobs`;
/*!40101 SET @saved_cs_client     = @@character_set_client */;
/*!50503 SET character_set_client = utf8mb4 */;
CREATE TABLE `jobs` (
  `id` bigint unsigned NOT NULL AUTO_INCREMENT,
  `queue` varchar(255) COLLATE utf8mb4_unicode_ci NOT NULL,
  `payload` longtext COLLATE utf8mb4_unicode_ci NOT NULL,
  `attempts` tinyint unsigned NOT NULL,
  `reserved_at` int unsigned DEFAULT NULL,
  `available_at` int unsigned NOT NULL,
  `created_at` int unsigned NOT NULL,
  PRIMARY KEY (`id`),
  KEY `jobs_queue_index` (`queue`)
) ENGINE=InnoDB DEFAULT CHARSET=utf8mb4 COLLATE=utf8mb4_unicode_ci;
/*!40101 SET character_set_client = @saved_cs_client */;

--
-- Dumping data for table `jobs`
--

LOCK TABLES `jobs` WRITE;
/*!40000 ALTER TABLE `jobs` DISABLE KEYS */;
/*!40000 ALTER TABLE `jobs` ENABLE KEYS */;
UNLOCK TABLES;

--
-- Table structure for table `migrations`
--

DROP TABLE IF EXISTS `migrations`;
/*!40101 SET @saved_cs_client     = @@character_set_client */;
/*!50503 SET character_set_client = utf8mb4 */;
CREATE TABLE `migrations` (
  `id` int unsigned NOT NULL AUTO_INCREMENT,
  `migration` varchar(255) COLLATE utf8mb4_unicode_ci NOT NULL,
  `batch` int NOT NULL,
  PRIMARY KEY (`id`)
) ENGINE=InnoDB AUTO_INCREMENT=11 DEFAULT CHARSET=utf8mb4 COLLATE=utf8mb4_unicode_ci;
/*!40101 SET character_set_client = @saved_cs_client */;

--
-- Dumping data for table `migrations`
--

LOCK TABLES `migrations` WRITE;
/*!40000 ALTER TABLE `migrations` DISABLE KEYS */;
INSERT INTO `migrations` VALUES (1,'2014_10_12_000000_create_users_table',1),(2,'2014_10_12_100000_create_password_reset_tokens_table',1),(3,'2019_08_19_000000_create_failed_jobs_table',1),(4,'2019_12_14_000001_create_personal_access_tokens_table',1),(5,'2023_07_30_125235_create_job_positions_table',1),(6,'2023_08_02_143610_create_employees_table',1),(7,'2023_08_04_124434_modify_employees_table',1),(8,'2023_08_04_142852_create_attendances_table',1),(9,'2023_08_05_143153_create_jobs_table',1),(10,'2023_08_06_092557_add_password_in_employees_table',1);
/*!40000 ALTER TABLE `migrations` ENABLE KEYS */;
UNLOCK TABLES;

--
-- Table structure for table `password_reset_tokens`
--

DROP TABLE IF EXISTS `password_reset_tokens`;
/*!40101 SET @saved_cs_client     = @@character_set_client */;
/*!50503 SET character_set_client = utf8mb4 */;
CREATE TABLE `password_reset_tokens` (
  `email` varchar(255) COLLATE utf8mb4_unicode_ci NOT NULL,
  `token` varchar(255) COLLATE utf8mb4_unicode_ci NOT NULL,
  `created_at` timestamp NULL DEFAULT NULL,
  PRIMARY KEY (`email`)
) ENGINE=InnoDB DEFAULT CHARSET=utf8mb4 COLLATE=utf8mb4_unicode_ci;
/*!40101 SET character_set_client = @saved_cs_client */;

--
-- Dumping data for table `password_reset_tokens`
--

LOCK TABLES `password_reset_tokens` WRITE;
/*!40000 ALTER TABLE `password_reset_tokens` DISABLE KEYS */;
/*!40000 ALTER TABLE `password_reset_tokens` ENABLE KEYS */;
UNLOCK TABLES;

--
-- Table structure for table `personal_access_tokens`
--

DROP TABLE IF EXISTS `personal_access_tokens`;
/*!40101 SET @saved_cs_client     = @@character_set_client */;
/*!50503 SET character_set_client = utf8mb4 */;
CREATE TABLE `personal_access_tokens` (
  `id` bigint unsigned NOT NULL AUTO_INCREMENT,
  `tokenable_type` varchar(255) COLLATE utf8mb4_unicode_ci NOT NULL,
  `tokenable_id` bigint unsigned NOT NULL,
  `name` varchar(255) COLLATE utf8mb4_unicode_ci NOT NULL,
  `token` varchar(64) COLLATE utf8mb4_unicode_ci NOT NULL,
  `abilities` text COLLATE utf8mb4_unicode_ci,
  `last_used_at` timestamp NULL DEFAULT NULL,
  `expires_at` timestamp NULL DEFAULT NULL,
  `created_at` timestamp NULL DEFAULT NULL,
  `updated_at` timestamp NULL DEFAULT NULL,
  PRIMARY KEY (`id`),
  UNIQUE KEY `personal_access_tokens_token_unique` (`token`),
  KEY `personal_access_tokens_tokenable_type_tokenable_id_index` (`tokenable_type`,`tokenable_id`)
) ENGINE=InnoDB AUTO_INCREMENT=3 DEFAULT CHARSET=utf8mb4 COLLATE=utf8mb4_unicode_ci;
/*!40101 SET character_set_client = @saved_cs_client */;

--
-- Dumping data for table `personal_access_tokens`
--

LOCK TABLES `personal_access_tokens` WRITE;
/*!40000 ALTER TABLE `personal_access_tokens` DISABLE KEYS */;
INSERT INTO `personal_access_tokens` VALUES (1,'App\\Models\\Employee',1,'employee-auth','65a9af284de91d638cdfeffaf2e319073c2719f2b19ebbed3861d7be8bb88518','[\"*\"]',NULL,NULL,'2023-08-06 03:28:47','2023-08-06 03:28:47'),(2,'App\\Models\\Employee',1,'employee-auth','a7a7c9d3bcc2fab518300edea5e38b0edb876c4101d5e6ad82b5290c0b32f03f','[\"*\"]','2023-08-06 03:31:18',NULL,'2023-08-06 03:29:19','2023-08-06 03:31:18');
/*!40000 ALTER TABLE `personal_access_tokens` ENABLE KEYS */;
UNLOCK TABLES;

--
-- Table structure for table `users`
--

DROP TABLE IF EXISTS `users`;
/*!40101 SET @saved_cs_client     = @@character_set_client */;
/*!50503 SET character_set_client = utf8mb4 */;
CREATE TABLE `users` (
  `id` bigint unsigned NOT NULL AUTO_INCREMENT,
  `name` varchar(255) COLLATE utf8mb4_unicode_ci NOT NULL,
  `email` varchar(255) COLLATE utf8mb4_unicode_ci NOT NULL,
  `email_verified_at` timestamp NULL DEFAULT NULL,
  `password` varchar(255) COLLATE utf8mb4_unicode_ci NOT NULL,
  `remember_token` varchar(100) COLLATE utf8mb4_unicode_ci DEFAULT NULL,
  `created_at` timestamp NULL DEFAULT NULL,
  `updated_at` timestamp NULL DEFAULT NULL,
  PRIMARY KEY (`id`),
  UNIQUE KEY `users_email_unique` (`email`)
) ENGINE=InnoDB AUTO_INCREMENT=2 DEFAULT CHARSET=utf8mb4 COLLATE=utf8mb4_unicode_ci;
/*!40101 SET character_set_client = @saved_cs_client */;

--
-- Dumping data for table `users`
--

LOCK TABLES `users` WRITE;
/*!40000 ALTER TABLE `users` DISABLE KEYS */;
INSERT INTO `users` VALUES (1,'Test User','test@example.com',NULL,'$2y$10$LjcpGYtvgP0IBiIEpTBi4OW29c4z7vsGcZ1ea5UcvahPNxg/pdcei',NULL,'2023-08-06 03:28:19','2023-08-06 03:28:19');
/*!40000 ALTER TABLE `users` ENABLE KEYS */;
UNLOCK TABLES;
/*!40103 SET TIME_ZONE=@OLD_TIME_ZONE */;

/*!40101 SET SQL_MODE=@OLD_SQL_MODE */;
/*!40014 SET FOREIGN_KEY_CHECKS=@OLD_FOREIGN_KEY_CHECKS */;
/*!40014 SET UNIQUE_CHECKS=@OLD_UNIQUE_CHECKS */;
/*!40101 SET CHARACTER_SET_CLIENT=@OLD_CHARACTER_SET_CLIENT */;
/*!40101 SET CHARACTER_SET_RESULTS=@OLD_CHARACTER_SET_RESULTS */;
/*!40101 SET COLLATION_CONNECTION=@OLD_COLLATION_CONNECTION */;
/*!40111 SET SQL_NOTES=@OLD_SQL_NOTES */;

-- Dump completed on 2023-08-06 18:48:01
